_id,月份,M2数量(亿元),M2同比增长,M2环比增长,M1数量(亿元),M1同比增长,M1环比增长,M0数量(亿元),M0同比增长,M0环比增长,year,month,day,hour,minute,second
5ff1ef5cdcd2ff441ffe48eb,2020-11-01,2172000,10.7,1.03735405,618600,10,1.54300722,81600,10.3,0.74074074,2020,11,1,0,0,0
5ff1ef5cdcd2ff441ffe48ec,2020-10-01,2149700,10.5,-0.66540363,609200,9.1,1.1456085,81000,10.4,-1.69902913,2020,10,1,0,0,0
5ff1ef5cdcd2ff441ffe48ed,2020-09-01,2164100,10.9,1.27761138,602300,8.1,0.16630634,82400,11.1,3,2020,9,1,0,0,0
5ff1ef5cdcd2ff441ffe48ee,2020-08-01,2136800,10.4,0.53360431,601300,8,1.70965648,80000,9.4,0.16626552,2020,8,1,0,0,0
5ff1ef5cdcd2ff441ffe48ef,2020-07-01,2125458.462,10.7,-0.4445165,591192.6368,6.9,-2.17192478,79867.20837,9.9,0.51322017,2020,7,1,0,0,0
5ff1ef5cdcd2ff441ffe48f0,2020-06-01,2134948.661,11.1,1.65532755,604317.9685,6.5,3.99354149,79459.40667,9.5,-0.31041635,2020,6,1,0,0,0
5ff1ef5cdcd2ff441ffe48f1,2020-05-01,2100183.741,11.1,0.31764053,581111.0573,6.8,1.92240098,79706.8297,9.5,-2.18246366,2020,5,1,0,0,0
5ff1ef5cdcd2ff441ffe48f2,2020-04-01,2093533.829,11.1,0.60600106,570150.4789,5.5,-0.8520659,81485.2149,10.2,-1.85130012,2020,4,1,0,0,0
5ff1ef5cdcd2ff441ffe48f3,2020-03-01,2080923.411,10.1,2.46662579,575050.2863,5,4.04369961,83022.20508,10.8,-5.85669711,2020,3,1,0,0,0
5ff1ef5cdcd2ff441ffe48f4,2020-02-01,2030830.424,8.8,0.38377083,552700.7291,4.8,1.31412003,88187.05371,10.9,-5.42858426,2020,2,1,0,0,0
5ff1ef5cdcd2ff441ffe48f5,2020-01-01,2023066.485,8.4,1.84132247,545531.7866,0,-5.29112487,93249.1631,6.6,20.80554912,2020,1,1,0,0,0
5ff1ef5cdcd2ff441ffe48f6,2019-12-01,1986488.82,8.7,1.27760183,576009.15,4.4,2.40408072,77189.47,5.4,4.34701087,2019,12,1,0,0,0
5ff1ef5cdcd2ff441ffe48f7,2019-11-01,1961429.56,8.2,0.81357964,562486.52,3.5,0.77804305,73973.82,4.8,0.78808754,2019,11,1,0,0,0
5ff1ef5cdcd2ff441ffe48f8,2019-10-01,1945600.55,8.4,-0.34062944,558143.92,3.3,0.18056031,73395.4,4.7,-0.99062792,2019,10,1,0,0,0
5ff1ef5cdcd2ff441ffe48f9,2019-09-01,1952250.49,8.4,0.86582927,557137.95,3.4,0.06103828,74129.75,4,1.33574163,2019,9,1,0,0,0
5ff1ef5cdcd2ff441ffe48fa,2019-08-01,1935492.43,8.2,0.83784096,556798.09,3.4,0.67896696,73152.62,4.8,0.63746703,2019,8,1,0,0,0
5ff1ef5cdcd2ff441ffe48fb,2019-07-01,1919410.82,8.1,-0.10145781,553043.11,3.1,-2.58114649,72689.25,4.5,0.14919891,2019,7,1,0,0,0
5ff1ef5cdcd2ff441ffe48fc,2019-06-01,1921360.19,8.5,1.59725198,567696.18,4.4,4.28773733,72580.96,4.3,-0.29877006,2019,6,1,0,0,0
5ff1ef5cdcd2ff441ffe48fd,2019-05-01,1891153.7,8.5,0.34400552,544355.64,3.4,0.69199759,72798.46,4.3,-1.57816265,2019,5,1,0,0,0
5ff1ef5cdcd2ff441ffe48fe,2019-04-01,1884670.33,8.5,-0.25096748,540614.6,2.9,-1.27122917,73965.76,3.5,-1.30210759,2019,4,1,0,0,0
5ff1ef5cdcd2ff441ffe48ff,2019-03-01,1889412.14,8.6,1.17727144,547575.54,4.6,3.86673523,74941.58,3.1,-5.71574008,2019,3,1,0,0,0
5ff1ef5cdcd2ff441ffe4900,2019-02-01,1867427.45,8,0.07996633,527190.48,1.6,-3.38098968,79484.72,-2.4,-9.12980839,2019,2,1,0,0,0
5ff1ef5cdcd2ff441ffe4901,2019-01-01,1865935.33,8.4,2.14540788,545638.46,0.4,-1.09617583,87470.62,17.2,19.48166599,2019,1,1,0,0,0
5ff1ef5cdcd2ff441ffe4902,2018-12-01,1826744.21571345,8.1,0.74836405,551685.90754868,1.5,1.50639683,73208.40337957,3.6,3.74854769,2018,12,1,0,0,0
5ff1ef5cdcd2ff441ffe4903,2018-11-01,1813175.06539151,8,0.9809449,543498.66093155,1.5,0.62398046,70563.30426885,2.8,0.65141265,2018,11,1,0,0,0
5ff1ef5cdcd2ff441ffe4904,2018-10-01,1795561.59556379,8,-0.33879683,540128.36546464,2.7,0.28859224,70106.62087234,2.8,-1.61062677,2018,10,1,0,0,0
5ff1ef5cdcd2ff441ffe4905,2018-09-01,1801665.58145761,8.3,0.72652578,538574.08246877,4,0.046336,71254.26107543,2.2,2.11946931,2018,9,1,0,0,0
5ff1ef5cdcd2ff441ffe4906,2018-08-01,1788670.42970175,8.2,0.70230559,538324.64434997,3.9,0.31686051,69775.39303606,3.3,0.35207995,2018,8,1,0,0,0
5ff1ef5cdcd2ff441ffe4907,2018-07-01,1776196.10516409,8.5,0.33995061,536624.29388092,5.1,-1.34580193,69530.58976978,3.6,-0.08441476,2018,7,1,0,0,0
5ff1ef5cdcd2ff441ffe4908,2018-06-01,1770178.373,8,1.55557019,543944.71230776,6.6,3.35716862,69589.3334355,3.9,-0.26581881,2018,6,1,0,0,0
5ff1ef5cdcd2ff441ffe4909,2018-05-01,1743063.7923233,8.3,0.30961117,526276.71554375,6,0.15775977,69774.80799697,3.6,-2.38071148,2018,5,1,0,0,0
5ff1ef5cdcd2ff441ffe490a,2018-04-01,1737683.72947489,8.3,-0.1250531,525447.77033558,7.2,0.36438391,71476.45619813,4.5,-1.67303411,2018,4,1,0,0,0
5ff1ef5cdcd2ff441ffe490b,2018-03-01,1739859.47770953,8.2,0.62399781,523540.0745583,7.1,1.25795531,72692.6286707,6,-10.72360562,2018,3,1,0,0,0
5ff1ef5cdcd2ff441ffe490c,2018-02-01,1729070.11807809,8.8,0.47975283,517035.99284148,8.5,-4.82490042,81424.24340892,13.5,9.09470891,2018,2,1,0,0,0
5ff1ef5cdcd2ff441ffe490d,2018-01-01,1720814.46207142,8.6,1.8091651,543247.12570164,15,-0.09985828,74636.29008648,-13.8,5.64888809,2018,1,1,0,0,0
5ff1ef5cdcd2ff441ffe490e,2017-12-01,1690235.31468079,8.06537771,0.65977636,543790.14519118,11.8,1.53577902,70645.59924243,3.4,2.94717122,2017,12,1,0,0,0
5ff1ef5cdcd2ff441ffe490f,2017-11-01,1679156.63613009,9.11476976,1.00494309,535565.04954123,12.7,1.82286595,68623.15730039,5.7,0.57520929,2017,11,1,0,0,0
5ff1ef5cdcd2ff441ffe4910,2017-10-01,1662449.96019881,8.87714276,-0.07309725,525977.19041969,13,1.56685311,68230.68804671,6.3,-2.17617772,2017,10,1,0,0,0
5ff1ef5cdcd2ff441ffe4911,2017-09-01,1663666.05438742,8.97596676,0.64846315,517863.03732941,14,-0.04842419,69748.54023602,7.2,3.25317331,2017,9,1,0,0,0
5ff1ef5cdcd2ff441ffe4912,2017-08-01,1652947.30031106,8.56334703,1.014837,518113.92979868,14,1.4945314,67550.9894732,6.5,0.62856263,2017,8,1,0,0,0
5ff1ef5cdcd2ff441ffe4913,2017-07-01,1636341.10524859,8.88997756,-0.19249439,510484.57751922,15.3,0.05025429,67129.04140261,6.1,0.2259854,2017,7,1,0,0,0
5ff1ef5cdcd2ff441ffe4914,2017-06-01,1639497.04513491,9.10134442,1.84851324,510228.16597674,15,2.78780593,66977.68162005,6.6,-0.52800919,2017,6,1,0,0,0
5ff1ef5cdcd2ff441ffe4915,2017-05-01,1609740.77375527,9.1288847,0.3629818,496389.78217316,17,1.2667504,67333.20714106,7.3,-1.54898233,2017,5,1,0,0,0
5ff1ef5cdcd2ff441ffe4916,2017-04-01,1603918.84024284,9.84260575,-0.25001818,490180.41972742,18.5,0.28854665,68392.5963723,6.2,-0.30967637,2017,4,1,0,0,0
5ff1ef5cdcd2ff441ffe4917,2017-03-01,1607938.98002212,10.11781958,1.13733403,488770.09,18.8,2.56910408,68605.05,6.1,-4.35346517,2017,3,1,0,0,0
5ff1ef5cdcd2ff441ffe4918,2017-02-01,1589856.99535048,10.44996664,0.35743283,476527.6,21.4,0.84675683,71727.69,3.3,-17.17223868,2017,2,1,0,0,0
5ff1ef5cdcd2ff441ffe4919,2017-01-01,1584194.56383135,10.70318555,2.20170504,472526.45,14.5,-2.88368691,86598.61,19.4,26.78434295,2017,1,1,0,0,0
5ff1ef5cdcd2ff441ffe491a,2016-12-01,1550066.66781086,11.3,1.28294541,486557.23737089,21.4,2.34572306,68303.86780278,8.1,5.23911315,2016,12,1,0,0,0
5ff1ef5cdcd2ff441ffe491b,2016-11-01,1530432.06,11.4,0.7204189,475405.54,22.7,2.13964157,64903.5,7.6,1.07228958,2016,11,1,0,0,0
5ff1ef5cdcd2ff441ffe491c,2016-10-01,1519485.4,11.6,0.20607896,465446.65,23.9,2.44451157,64214.93,7.2,-1.31198418,2016,10,1,0,0,0
5ff1ef5cdcd2ff441ffe491d,2016-09-01,1516360.5,11.5,0.35590012,454340.25,24.7,-0.04473718,65068.62,6.6,2.54342074,2016,9,1,0,0,0
5ff1ef5cdcd2ff441ffe491e,2016-08-01,1510982.91,11.4,1.30227458,454543.6,25.3,2.62096807,63454.7,7.4,0.2823977,2016,8,1,0,0,0
5ff1ef5cdcd2ff441ffe491f,2016-07-01,1491558.72,10.2,0.07157973,442934.43,25.4,-0.15987379,63276.01,7.2,0.72767921,2016,7,1,0,0,0
5ff1ef5cdcd2ff441ffe4920,2016-06-01,1490491.83,11.8,1.97009074,443643.7,24.6,4.57111797,62818.89,7.2,0.06081486,2016,6,1,0,0,0
5ff1ef5cdcd2ff441ffe4921,2016-05-01,1461695.11,11.8,1.14070098,424250.7,23.7,2.59872653,62780.71,6.3,-2.51922382,2016,5,1,0,0,0
5ff1ef5cdcd2ff441ffe4922,2016-04-01,1445209.59,12.8,-0.06834749,413504.84,22.9,0.46735115,64403.17,6,-0.38365871,2016,4,1,0,0,0
5ff1ef5cdcd2ff441ffe4923,2016-03-01,1446198.03,13.4,1.51474583,411581.31,22.1,4.86022558,64651.21,4.4,-6.87148171,2016,3,1,0,0,0
5ff1ef5cdcd2ff441ffe4924,2016-02-01,1424618.67792204,13.3,0.58596437,392504.69634977,17.4,-4.89014923,69421.49535554,-4.8,-4.28121337,2016,2,1,0,0,0
5ff1ef5cdcd2ff441ffe4925,2016-01-01,1416319.55,14,1.72677001,412685.64,18.6,2.92607539,72526.51,15.1,14.72704207,2016,1,1,0,0,0
5ff1ef5cdcd2ff441ffe4926,2015-12-01,1392278.10919881,13.3,1.33352881,400953.4400483,15.2,3.44027084,63216.57797013,4.9,4.78770468,2015,12,1,0,0,0
5ff1ef5cdcd2ff441ffe4927,2015-11-01,1373956.01,13.7,0.95041209,387618.32,15.7,3.14307281,60328.24,3.2,0.71412563,2015,11,1,0,0,0
5ff1ef5cdcd2ff441ffe4928,2015-10-01,1361020.70462698,13.5,0.08799996,375806.44967709,14,3.12541753,59900.47535084,3.8,-1.8394625,2015,10,1,0,0,0
5ff1ef5cdcd2ff441ffe4929,2015-09-01,1359824.06,13.1,0.21490625,364416.9,11.4,0.4474085,61022.97,3.7,3.32055632,2015,9,1,0,0,0
5ff1ef5cdcd2ff441ffe492a,2015-08-01,1356907.98,13.3,0.27320613,362793.73,9.3,2.73886387,59061.79,1.8,0.08656448,2015,8,1,0,0,0
5ff1ef5cdcd2ff441ffe492b,2015-07-01,1353210.92482599,13.3,1.48762013,353122.19382944,6.6,-0.83145301,59010.70768852,2.9,0.69353885,2015,7,1,0,0,0
5ff1ef5cdcd2ff441ffe492c,2015-06-01,1333375.36453853,11.8,1.99010079,356082.85545863,4.3,3.78826322,58604.26434477,2.9,-0.79847298,2015,6,1,0,0,0
5ff1ef5cdcd2ff441ffe492d,2015-05-01,1307357.63,10.8,2.07518136,343085.86,4.7,1.99103869,59075.97,1.8,-2.79154406,2015,5,1,0,0,0
5ff1ef5cdcd2ff441ffe492e,2015-04-01,1280779.14,10.1,0.42705403,336388.24,3.7,-0.24384767,60772.46,3.7,-1.90049009,2015,4,1,0,0,0
5ff1ef5cdcd2ff441ffe492f,2015-03-01,1275332.78,11.6,1.42775412,337210.52,2.9,0.82864005,61949.81,6.2,-15.01639929,2015,3,1,0,0,0
5ff1ef5cdcd2ff441ffe4930,2015-02-01,1257380.4784755,12.5,1.1805053,334439.22267292,5.6,-3.92700558,72896.19348426,17,15.6338952,2015,2,1,0,0,0
5ff1ef5cdcd2ff441ffe4931,2015-01-01,1242710.2185386,10.8,1.16702259,348109.50224619,10.6,0.01525424,63040.50673114,-17.6,4.61500105,2015,1,1,0,0,0
5ff1ef5cdcd2ff441ffe4932,2014-12-01,1228374.807,12.2,1.63567431,348056.4089,3.2,3.86205109,60259.52884,2.9,3.11609282,2014,12,1,0,0,0
5ff1ef5cdcd2ff441ffe4933,2014-11-01,1208605.95,12.3,0.78130022,335114.13,3.2,1.66750674,58438.53,3.5,1.29462846,2014,11,1,0,0,0
5ff1ef5cdcd2ff441ffe4934,2014-10-01,1199236.314,12.6,-0.23419098,329617.7321,3.2,0.73269377,57691.63764,3.8,-1.95998395,2014,10,1,0,0,0
5ff1ef5cdcd2ff441ffe4935,2014-09-01,1202051.41,12.9,0.38015311,327220.21,4.8,-1.44659155,58844.99,4.2,1.46106021,2014,9,1,0,0,0
5ff1ef5cdcd2ff441ffe4936,2014-08-01,1197499.08,12.8,0.2721241,332023.23,5.7,0.20398837,57997.61,5.6,1.13539623,2014,8,1,0,0,0
5ff1ef5cdcd2ff441ffe4937,2014-07-01,1194249.24,13.5,-1.2680326,331347.32,6.7,-2.96940049,57346.5,5.4,0.69436823,2014,7,1,0,0,0
5ff1ef5cdcd2ff441ffe4938,2014-06-01,1209587.2,14.7,2.30849864,341487.45,8.9,4.16297838,56951.05,5.3,-1.8949853,2014,6,1,0,0,0
5ff1ef5cdcd2ff441ffe4939,2014-05-01,1182293.96,13.4,1.15341751,327839.56,5.7,1.03458269,58051.11,6.7,-0.96293577,2014,5,1,0,0,0
5ff1ef5cdcd2ff441ffe493a,2014-04-01,1168812.67,13.2,0.70004121,324482.52,5.5,-0.97692366,58615.54,5.4,0.49073107,2014,4,1,0,0,0
5ff1ef5cdcd2ff441ffe493b,2014-03-01,1160687.38,12.1,2.55588895,327683.74,5.4,3.49265729,58329.3,5.2,-6.40498901,2014,3,1,0,0,0
5ff1ef5cdcd2ff441ffe493c,2014-02-01,1131760.83,13.3,0.73337467,316625.11,6.9,0.54765147,62320.95,3.3,-18.52255907,2014,2,1,0,0,0
5ff1ef5cdcd2ff441ffe493d,2014-01-01,1123521.21,13.2,1.53600057,314900.5525,1.2,-6.63833135,76488.59523,22.5,30.58357063,2014,1,1,0,0,0
5ff1ef5cdcd2ff441ffe493e,2013-12-01,1106524.98,13.6,2.52654591,337291.05,9.3,3.83875789,58574.44,7.1,3.77944637,2013,12,1,0,0,0
5ff1ef5cdcd2ff441ffe493f,2013-11-01,1079257.055,14.2,0.84232226,324821.9228,9.4,1.66271888,56441.27238,7.7,1.52089474,2013,11,1,0,0,0
5ff1ef5cdcd2ff441ffe4940,2013-10-01,1070242.167,14.3,-0.66244051,319509.38,8.9,2.29853962,55595.72,8,-1.58748617,2013,10,1,0,0,0
5ff1ef5cdcd2ff441ffe4941,2013-09-01,1077379.163,14.2,1.51921181,312330.3433,8.9,-0.55894475,56492.53112,5.7,2.85329291,2013,9,1,0,0,0
5ff1ef5cdcd2ff441ffe4942,2013-08-01,1061256.43,14.7,0.85953088,314085.91,9.9,1.12346741,54925.35,9.3,0.94200296,2013,8,1,0,0,0
5ff1ef5cdcd2ff441ffe4943,2013-07-01,1052212.34,14.5,-0.20782837,310596.46,9.7,-0.92611217,54412.78,9.5,0.64529184,2013,7,1,0,0,0
5ff1ef5cdcd2ff441ffe4944,2013-06-01,1054403.69,14,1.17394857,313499.82,9.1,1.06231219,54063.91,9.9,-0.67512514,2013,6,1,0,0,0
5ff1ef5cdcd2ff441ffe4945,2013-05-01,1042169.16,15.8,0.93140664,310204.48,11.3,0.83083794,54431.39,10.8,-2.11440652,2013,5,1,0,0,0
5ff1ef5cdcd2ff441ffe4946,2013-04-01,1032551.903,16.1,-0.31920068,307648.4202,11.9,-1.04531607,55607.15123,10.8,0.26438849,2013,4,1,0,0,0
5ff1ef5cdcd2ff441ffe4947,2013-03-01,1035858.37,15.7,3.73097427,310898.29,11.9,4.99658497,55460.52,12.4,-8.04648699,2013,3,1,0,0,0
5ff1ef5cdcd2ff441ffe4948,2013-02-01,998600.83,15.2,0.65229203,296103.24,9.5,-4.85987227,60313.65,17.2,-3.42032451,2013,2,1,0,0,0
5ff1ef5cdcd2ff441ffe4949,2013-01-01,992129.25,15.9,1.84576011,311228.55,15.3,0.83077978,62449.63,4.4,14.25154186,2013,1,1,0,0,0
5ff1ef5cdcd2ff441ffe494a,2012-12-01,974148.8,13.8,3.10281485,308664.23,6.5,3.96830738,54659.77,7.7,4.32822722,2012,12,1,0,0,0
5ff1ef5cdcd2ff441ffe494b,2012-11-01,944832.4,13.9,0.9000515,296883,5.5,1.21823931,52392.12,10.7,1.79609303,2012,11,1,0,0,0
5ff1ef5cdcd2ff441ffe494c,2012-10-01,936404.2792,14.1,-0.77191491,293309.7849,6.1,2.27400523,51467.71201,10.5,-3.67892152,2012,10,1,0,0,0
5ff1ef5cdcd2ff441ffe494d,2012-09-01,943688.7534,14.8,2.0320334,286788.2061,7.3,0.36709719,53433.4881,13.3,6.36692076,2012,9,1,0,0,0
5ff1ef5cdcd2ff441ffe494e,2012-08-01,924894.5865,13.5,0.63348487,285739.2653,4.5,0.93559576,50235.06154,9.7,1.06469112,2012,8,1,0,0,0
5ff1ef5cdcd2ff441ffe494f,2012-07-01,919072.4019,13.9,-0.63987615,283090.6809,4.6,-1.5426384,49705.84779,10,0.85464313,2012,7,1,0,0,0
5ff1ef5cdcd2ff441ffe4950,2012-06-01,924991.2,13.6,2.77123094,287526.17,4.7,3.18308241,49284.64,10.8,0.49943189,2012,6,1,0,0,0
5ff1ef5cdcd2ff441ffe4951,2012-05-01,900048.77,13.2,1.17408752,278656.31,3.5,1.33552949,49039.72,10,-2.30999145,2012,5,1,0,0,0
5ff1ef5cdcd2ff441ffe4952,2012-04-01,889604.04,12.8,-0.66566432,274983.82,3.1,-1.08428435,50199.32,10.4,1.21699969,2012,4,1,0,0,0
5ff1ef5cdcd2ff441ffe4953,2012-03-01,895565.5,13.4,3.274333,277998.11,4.4,2.84337982,49595.74,10.6,-3.60171806,2012,3,1,0,0,0
5ff1ef5cdcd2ff441ffe4954,2012-02-01,867171.42,13,1.31703991,270312.11,4.3,0.11174014,51448.78,8.8,-13.99505054,2012,2,1,0,0,0
5ff1ef5cdcd2ff441ffe4955,2012-01-01,855898.89,12.4,0.50587553,270010.4,3.1,-6.84404161,59820.72,3,17.87691291,2012,1,1,0,0,0
5ff1ef5cdcd2ff441ffe4956,2011-12-01,851590.9,13.6,3.16137455,289847.697,7.9,2.99603197,50748.4617,13.8,7.2514774,2011,12,1,0,0,0
5ff1ef5cdcd2ff441ffe4957,2011-11-01,825493.9445,12.7,1.06077196,281416.3725,7.8,1.758689,47317.2612,12,1.58411034,2011,11,1,0,0,0
5ff1ef5cdcd2ff441ffe4958,2011-10-01,816829.2489,12.9,3.73670476,276552.6711,8.4,3.50290021,46579.39223,11.9,-1.20032127,2011,10,1,0,0,0
5ff1ef5cdcd2ff441ffe4959,2011-09-01,787406.2038,13.04,0.83932668,267193.1613,8.85,-2.26801526,47145.28714,12.68,2.99288274,2011,9,1,0,0,0
5ff1ef5cdcd2ff441ffe495a,2011-08-01,780852.3021,13.5,1.02580017,273393.7738,11.2,1.05273317,45775.28649,14.7,1.31063714,2011,8,1,0,0,0
5ff1ef5cdcd2ff441ffe495b,2011-07-01,772923.65,14.7,-1.01139717,270545.65,11.6,-1.498901,45183.1,14.3,1.58573491,2011,7,1,0,0,0
5ff1ef5cdcd2ff441ffe495c,2011-06-01,780820.85,15.9,2.28077348,274662.57,13.1,1.99522892,44477.8,14.4,-0.28032207,2011,6,1,0,0,0
5ff1ef5cdcd2ff441ffe495d,2011-05-01,763409.2151,15.1,0.79545498,269289.6255,12.7,0.94566112,44602.83158,15.4,-1.94815414,2011,5,1,0,0,0
5ff1ef5cdcd2ff441ffe495e,2011-04-01,757384.5619,15.3,-0.09844185,266766.9145,12.9,0.19208412,45489.02796,14.7,1.43562226,2011,4,1,0,0,0
5ff1ef5cdcd2ff441ffe495f,2011-03-01,758130.88,16.6,2.98860132,266255.48,15,2.72182361,44845.22,14.8,-5.13012207,2011,3,1,0,0,0
5ff1ef5cdcd2ff441ffe4960,2011-02-01,736130.8633,15.7,0.30604715,259200.4996,14.5,-0.97969795,47270.24107,10.3,-18.58933305,2011,2,1,0,0,0
5ff1ef5cdcd2ff441ffe4961,2011-01-01,733884.8297,17.2,1.10670523,261765.006,13.6,-1.82150849,58063.94032,42.5,30.10603016,2011,1,1,0,0,0
5ff1ef5cdcd2ff441ffe4962,2010-12-01,725851.79,19.7,2.18385369,266621.54,21.2,2.77588895,44628.17,16.7,5.62339882,2010,12,1,0,0,0
5ff1ef5cdcd2ff441ffe4963,2010-11-01,710339.025,19.5,1.50937913,259420.32,22.1,2.41090928,42252.1624,16.3,1.45500958,2010,11,1,0,0,0
5ff1ef5cdcd2ff441ffe4964,2010-10-01,699776.7409,19.3,0.47456944,253313.1693,22.1,3.89270582,41646.20611,16.6,-0.49744792,2010,10,1,0,0,0
5ff1ef5cdcd2ff441ffe4965,2010-09-01,696471.5,19,1.30392603,243821.9,20.9,-0.21230283,41854.41,13.8,4.83846955,2010,9,1,0,0,0
5ff1ef5cdcd2ff441ffe4966,2010-08-01,687506.9183,19.2,1.99620353,244340.6421,21.9,1.52767819,39922.75944,16,0.95997004,2010,8,1,0,0,0
5ff1ef5cdcd2ff441ffe4967,2010-07-01,674051.4789,17.6,0.01925372,240664.0696,22.9,0.03494559,39543.15698,15.5,1.64069973,2010,7,1,0,0,0
5ff1ef5cdcd2ff441ffe4968,2010-06-01,673921.7239,18.5,1.59347736,240579.9975,24.6,1.72606805,38904.84529,15.7,0.65162824,2010,6,1,0,0,0
5ff1ef5cdcd2ff441ffe4969,2010-05-01,663351.37,21,1.03419953,236497.8831,29.9,1.10646234,38652.97161,15.2,-2.53309965,2010,5,1,0,0,0
5ff1ef5cdcd2ff441ffe496a,2010-04-01,656561.217,21.48,1.01758266,233909.7597,31.25,1.96681218,39657.53653,15.76,1.47632042,2010,4,1,0,0,0
5ff1ef5cdcd2ff441ffe496b,2010-03-01,649947.4643,22.5,2.18138732,229397.9332,29.94,2.27876776,39080.58192,15.81,-8.83036115,2010,3,1,0,0,0
5ff1ef5cdcd2ff441ffe496c,2010-02-01,636072.2646,25.52,1.67244553,224286.9544,34.99,-2.30935544,42865.7856,21.98,5.16996814,2010,2,1,0,0,0
5ff1ef5cdcd2ff441ffe496d,2010-01-01,625609.29,25.98,2.52116497,229588.98,38.96,3.67727638,40758.58,-0.79,6.56680856,2010,1,1,0,0,0
5ff1ef5cdcd2ff441ffe496e,2009-12-01,610224.5231,27.68,2.62692193,221445.8057,32.35,4.21312392,38246.97441,11.77,5.23641265,2009,12,1,0,0,0
5ff1ef5cdcd2ff441ffe496f,2009-11-01,594604.7213,29.74,1.35711645,212493.2037,34.63,2.38379286,36343.85993,14.99,1.71741044,2009,11,1,0,0,0
5ff1ef5cdcd2ff441ffe4970,2009-10-01,586643.2887,29.42,0.2114691,207545.7431,32.03,2.89408415,35730.22531,14.09,-2.87502353,2009,10,1,0,0,0
5ff1ef5cdcd2ff441ffe4971,2009-09-01,585405.3373,29.31,1.50969301,201708.1398,29.51,0.65536308,36787.88568,15.96,6.92095263,2009,9,1,0,0,0
5ff1ef5cdcd2ff441ffe4972,2009-08-01,576698.9535,28.53,0.62747931,200394.8261,27.72,2.30005252,34406.61982,11.52,0.48867769,2009,8,1,0,0,0
5ff1ef5cdcd2ff441ffe4973,2009-07-01,573102.8517,28.42,0.73589954,195889.27,26.37,1.42443116,34239.3,11.59,1.7785451,2009,7,1,0,0,0
5ff1ef5cdcd2ff441ffe4974,2009-06-01,568916.2,28.46,3.7669277,193138.15,24.79,6.10494964,33640.98,11.46,0.24273291,2009,6,1,0,0,0
5ff1ef5cdcd2ff441ffe4975,2009-05-01,548263.51,25.74,1.43988285,182025.58,18.69,2.13901317,33559.52,11.24,-2.03678642,2009,5,1,0,0,0
5ff1ef5cdcd2ff441ffe4976,2009-04-01,540481.2137,25.95,1.85714395,178213.5683,17.48,0.94733561,34257.26737,11.26,1.51377405,2009,4,1,0,0,0
5ff1ef5cdcd2ff441ffe4977,2009-03-01,530626.7118,25.51,4.72039883,176541.1313,17.04,6.25432142,33746.42278,10.88,-3.97027918,2009,3,1,0,0,0
5ff1ef5cdcd2ff441ffe4978,2009-02-01,506708.07,20.48,2.13102394,166149.6012,10.87,0.56608881,35141.64416,8.28,-14.46052607,2009,2,1,0,0,0
5ff1ef5cdcd2ff441ffe4979,2009-01-01,496135.3078,18.79,4.41291703,165214.3413,6.68,-0.60330045,41082.37115,12.02,20.05733415,2009,1,1,0,0,0
5ff1ef5cdcd2ff441ffe497a,2008-12-01,475166.6,17.82,3.60233999,166217.13,9.06,5.31627647,34218.96,12.65,8.2626325,2008,12,1,0,0,0
5ff1ef5cdcd2ff441ffe497b,2008-11-01,458644.66,14.8,1.21627339,157826.63,6.8,0.40222181,31607.36,9.04,0.92445711,2008,11,1,0,0,0
5ff1ef5cdcd2ff441ffe497c,2008-10-01,453133.32,15.02,0.05180187,157194.36,8.85,0.9280254,31317.84,10.59,-1.28303086,2008,10,1,0,0,0
5ff1ef5cdcd2ff441ffe497d,2008-09-01,452898.71,15.29,0.90276484,155748.97,9.43,-0.72722964,31724.88,9.28,2.83051587,2008,9,1,0,0,0
5ff1ef5cdcd2ff441ffe497e,2008-08-01,448846.68,16,0.55661303,156889.92,11.48,1.22424036,30851.62,10.89,0.53582619,2008,8,1,0,0,0
5ff1ef5cdcd2ff441ffe497f,2008-07-01,446362.17,16.35,0.72689051,154992.44,13.96,0.11128396,30687.19,12.3,1.67610297,2008,7,1,0,0,0
5ff1ef5cdcd2ff441ffe4980,2008-06-01,443141.02,17.37,1.58621673,154820.15,14.19,0.96214575,30181.32,12.28,0.03984183,2008,6,1,0,0,0
5ff1ef5cdcd2ff441ffe4981,2008-05-01,436221.6,18.07,1.60905177,153344.75,17.93,1.08760406,30169.3,12.88,-2.01467313,2008,5,1,0,0,0
5ff1ef5cdcd2ff441ffe4982,2008-04-01,429313.72,16.94,1.47952322,151694.91,19.05,0.54845488,30789.61,10.7,1.1715545,2008,4,1,0,0,0
5ff1ef5cdcd2ff441ffe4983,2008-03-01,423054.53,16.19,0.4789807,150867.47,17.97,0.45918214,30433.07,11.12,-6.22841784,2008,3,1,0,0,0
5ff1ef5cdcd2ff441ffe4984,2008-02-01,421037.84,17.39,0.76383852,150177.88,18.95,-3.03133692,32454.47,5.96,-11.50345689,2008,2,1,0,0,0
5ff1ef5cdcd2ff441ffe4985,2008-01-01,417846.17,18.88,3.58076932,154872.59,20.54,1.54303226,36673.15,31.21,20.89656205,2008,1,1,0,0,0
5ffe575ce22ea91103e6d06f,2020-12-01,2186800,10.1,0.68139963,625600,8.6,1.13158746,84300,9.2,3.30882353,2020,12,1,0,0,0
602323e7e22ea91103ec035f,2021-01-01,2213000,9.4,1.19809768,625600,14.7,0,89600,-3.9,6.28706999,2021,1,1,0,0,0
60495f67e22ea911037bf470,2021-02-01,2236000,10.1,1.03931315,593500,7.4,-5.13107417,91900,4.2,2.56696429,2021,2,1,0,0,0