,date,0,1,2,3,4,5
0,2017-01-03,0.0015170003,0.021518147,7.842505,25.016357,1.592843e-05,0.16518466
1,2017-01-04,0.00012262755,0.009804641,5.208388,51.357094,0.000108880624,0.29521024
2,2017-01-05,0.00027982407,0.0020759106,7.538145,29.368168,-8.548996e-07,0.16222636
3,2017-01-06,0.0002760184,0.004927262,8.225013,36.252823,-1.8634057e-06,0.16323645
4,2017-01-09,0.0001770834,0.0006302695,20.970066,36.667343,2.23947e-07,0.06620507
5,2017-01-10,8.572073e-05,0.003867064,16.473766,45.93469,1.8659949e-06,0.10620188
6,2017-01-11,3.6206457e-05,0.00055681245,38.69006,77.84815,4.3518855e-10,0.07911572
7,2017-01-12,0.00014272898,0.0005227214,25.145844,56.609108,3.0538135e-07,0.049626697
8,2017-01-13,2.4616438e-05,0.0002488498,46.257496,52.136955,2.2802504e-07,0.071016416
9,2017-01-16,2.9606206e-05,0.00084416766,16.777206,51.088154,1.48469e-06,0.05657171
10,2017-01-17,0.000232442,0.002993337,7.886291,73.15984,8.804263e-06,0.36940074
11,2017-01-18,5.672646e-05,0.0011945119,20.225122,74.54488,1.41596e-06,0.18011041
12,2017-01-19,0.0005568669,0.0012922168,10.725253,60.788742,3.960425e-07,0.12192361
13,2017-01-20,0.00015908004,0.0006029577,25.508415,45.546116,2.967248e-07,0.07724665
14,2017-01-23,0.00089788716,0.002827365,25.403593,26.933025,4.647831e-06,0.09694939
15,2017-01-24,0.0017281072,0.0021808,6.3749046,48.39797,4.1534342e-05,0.27820203
16,2017-01-25,0.00015265982,0.0005990766,28.233948,51.15275,3.3589753e-08,0.06607879
17,2017-01-26,0.0008351943,0.0023275039,6.088326,50.337566,1.9850977e-06,0.34989843
18,2017-02-03,0.00034338792,0.0037331444,12.63632,33.551815,1.9111452e-05,0.14346261
19,2017-02-06,0.0015729399,0.0036548914,6.5025764,43.983505,5.821027e-07,0.10305354
20,2017-02-07,0.00015220534,0.0050043906,6.818349,48.73874,3.4497596e-05,0.17784956
21,2017-02-08,0.000491643,0.003361789,9.814987,43.761395,6.5949293e-06,0.23671027
22,2017-02-09,0.0003641972,0.0017744661,6.716137,38.29327,1.6066922e-06,0.22472998
23,2017-02-10,9.410162e-05,0.006444661,9.772607,52.005188,2.2200311e-07,0.2664904
24,2017-02-13,0.00039823938,0.0014051205,13.026085,55.62858,6.133505e-07,0.17797033
25,2017-02-14,0.00011186394,0.0021727397,24.583033,35.887543,1.3554905e-05,0.12391484
26,2017-02-15,0.00014413305,0.0009498119,21.781025,53.325706,-3.3720488e-07,0.10107024
27,2017-02-16,7.992904e-05,0.0008398612,15.059876,106.83448,3.6482615e-07,0.23756969
28,2017-02-17,0.000271575,0.0038984139,10.192908,34.1627,8.121276e-06,0.17205697
29,2017-02-20,0.00014385863,0.0010588242,17.874063,71.51884,7.6256146e-07,0.13066058
30,2017-02-21,5.5637433e-05,0.0009740546,22.393547,64.21363,1.3983652e-06,0.09015014
31,2017-02-22,0.0001946373,0.0073781153,10.288788,36.606407,6.563335e-05,0.17085505
32,2017-02-23,3.0767973e-05,0.0027465518,12.254916,38.57474,-3.8577774e-08,0.13144672
33,2017-02-24,6.8616224e-05,0.003325901,19.854614,40.949524,7.148164e-07,0.18392079
34,2017-02-27,0.0003973642,0.010034717,10.885544,48.96907,8.454179e-05,0.1664409
35,2017-02-28,4.036465e-05,0.0009877216,33.760742,42.690804,3.1005907e-06,0.10661877
36,2017-03-01,0.0002504686,0.0005567134,19.684118,44.311752,-8.0506965e-08,0.044314023
37,2017-03-02,0.00013070111,0.0021223507,10.409638,41.590122,-1.0050886e-08,0.07182983
38,2017-03-03,5.6690765e-06,0.000730535,18.3159,57.828335,1.5395403e-07,0.08790841
39,2017-03-06,4.855115e-05,0.0008942236,36.02266,48.66708,1.6346215e-08,0.028180413
40,2017-03-07,6.5977736e-05,0.00052505475,27.722872,57.36467,1.3684406e-08,0.098397
41,2017-03-08,9.9299854e-05,0.00032139954,32.1915,54.086838,4.2281732e-07,0.07434059
42,2017-03-09,0.00022970096,0.0017583924,11.541173,46.551353,3.7407096e-06,0.1274141
43,2017-03-10,0.00012724752,0.0021093434,11.998636,40.876514,9.060697e-09,0.05089447
44,2017-03-13,0.0001293803,0.0035716363,13.323048,53.74845,8.658929e-06,0.12168841
45,2017-03-14,1.5770154e-05,0.0003603279,50.046795,54.104816,4.1452417e-08,0.045653075
46,2017-03-15,4.1482395e-05,0.0046454356,10.365241,27.915174,-4.031966e-09,0.05449529
47,2017-03-16,0.00021439912,0.002677091,15.99031,59.234646,3.3241083e-06,0.10441532
48,2017-03-17,4.8459493e-05,0.0003559534,12.904622,84.011734,-8.656245e-09,0.16517289
49,2017-03-20,0.000112136986,0.0013405276,15.205519,47.080784,5.329571e-07,0.09315284
50,2017-03-21,0.00046504592,0.0039614066,14.991699,46.049786,2.659559e-05,0.1745127
51,2017-03-22,0.00063499075,0.002892747,7.357839,49.535255,4.3856417e-06,0.16823338
52,2017-03-23,7.723987e-06,0.00034959428,22.796852,60.699783,7.405837e-08,0.12470619
53,2017-03-24,0.00041061497,0.00042455058,7.4231887,38.421318,1.6960738e-06,0.08665584
54,2017-03-27,0.00028798255,0.0018898366,21.5044,34.185513,4.5715666e-07,0.10912968
55,2017-03-28,6.28955e-06,0.000333082,38.034664,52.884502,1.0179489e-07,0.057703696
56,2017-03-29,4.8367806e-06,0.00042704158,16.855463,56.56205,6.7888317e-07,0.08774471
57,2017-03-30,5.619809e-05,0.001689636,13.804208,44.07166,5.944932e-06,0.17827676
58,2017-03-31,2.5823503e-05,0.0005509663,17.692307,60.37768,1.7142711e-06,0.27096996
59,2017-04-05,2.5811336e-05,0.018695664,11.131248,37.940723,3.588224e-06,0.2985391
60,2017-04-06,0.00018872978,0.0063476805,12.898311,42.960087,-2.5710983e-07,0.13777262
61,2017-04-07,1.6048776e-05,0.0003051772,35.29745,68.5497,7.061773e-09,0.068308316
62,2017-04-10,0.0001251221,0.0008492105,23.738941,49.875713,2.3047314e-06,0.18599664
63,2017-04-11,1.894267e-05,0.0016369979,15.313509,68.222885,1.7171318e-05,0.16362299
64,2017-04-12,6.3921834e-05,0.0002741552,15.1475315,49.036522,1.5476627e-07,0.09619173
65,2017-04-13,4.000078e-05,0.00083643507,18.920437,70.33561,3.0438133e-07,0.13778645
66,2017-04-14,5.0617455e-05,0.00060197146,23.543552,66.25448,2.1982435e-06,0.15902036
67,2017-04-17,2.666407e-05,0.00022881737,50.259094,28.42237,-1.9957431e-09,0.013974935
68,2017-04-18,2.7166208e-05,0.0007709365,19.046316,67.46049,6.7700506e-07,0.122767575
69,2017-04-19,9.411557e-05,0.0056541166,7.3722825,56.684517,1.2941904e-05,0.11751356
70,2017-04-20,3.4584285e-05,0.00024800142,51.925148,61.69774,8.3205535e-08,0.0819336
71,2017-04-21,0.00014588877,0.003938035,10.875047,49.14835,2.9079249e-07,0.16510172
72,2017-04-24,1.9367728e-05,0.00016142458,16.889116,62.25415,6.772421e-08,0.06940334
73,2017-04-25,9.624821e-05,0.0014715028,12.10363,61.59193,5.9043573e-06,0.070604816
74,2017-04-26,7.792649e-05,0.0010211298,19.249302,66.42962,2.9287712e-06,0.066754825
75,2017-04-27,1.1059597e-05,0.00014873955,36.926136,59.34422,4.0723046e-07,0.059949644
76,2017-04-28,7.105079e-05,0.0016395259,26.018816,53.39396,2.5478816e-06,0.08120067
77,2017-05-02,1.7147006e-05,0.0006097703,31.709896,64.69139,9.1760916e-07,0.080140606
78,2017-05-03,3.570885e-05,0.0015521555,16.840467,58.23205,8.0132065e-07,0.102075756
79,2017-05-04,0.000538143,0.0033068534,4.061456,34.380005,0.00015234215,0.13561676
80,2017-05-05,0.0004461846,0.0013554705,9.363361,30.234364,6.5996064e-05,0.13765192
81,2017-05-08,3.0735493e-05,0.0017416559,15.536912,43.38645,7.367948e-06,0.13816547
82,2017-05-09,0.00036829233,0.005396103,11.426841,48.51205,9.386869e-07,0.083948076
83,2017-05-10,7.737393e-06,0.0007764535,22.014408,48.25606,3.4483907e-08,0.07828639
84,2017-05-11,0.00030171592,0.0014936549,10.846343,52.38546,5.675957e-06,0.1625217
85,2017-05-12,2.455718e-05,0.00097372424,21.981945,53.64416,6.2053357e-07,0.1256789
86,2017-05-15,0.00026648186,0.0040319087,12.315899,60.327858,1.3753233e-06,0.15981385
87,2017-05-16,0.00016351696,0.0023237837,10.017557,68.02321,2.856611e-08,0.2042379
88,2017-05-17,0.00025353458,0.0009743793,11.480907,83.80445,8.3012867e-07,0.23139165
89,2017-05-18,0.00074129674,0.010103123,6.5482717,23.650284,4.398076e-05,0.13482699
90,2017-05-19,9.492812e-06,0.0022275823,20.49071,68.521,9.3156146e-08,0.12065855
91,2017-05-22,0.001635827,0.004038019,5.7324104,34.982567,0.00019782114,0.14676882
92,2017-05-23,8.951029e-05,0.0035467579,10.505678,52.10393,4.9102855e-06,0.09422481
93,2017-05-24,6.651182e-05,0.0010014989,18.453289,52.960255,1.0439235e-06,0.13176718
94,2017-05-25,0.0002960672,0.0020962814,4.252003,61.50432,1.3947311e-05,0.091872126
95,2017-05-26,1.120237e-05,0.0014687375,19.359095,73.790054,1.1527606e-07,0.11193525
96,2017-05-31,2.0505935e-05,0.0010712895,15.280641,49.852337,1.0695179e-06,0.16710743
97,2017-06-01,0.0011790352,0.0032618765,6.550555,29.005518,8.524005e-05,0.10290389
98,2017-06-02,4.8848655e-05,0.00045207478,25.414442,75.82798,3.1885702e-07,0.07664589
99,2017-06-05,0.00043447965,0.00015636226,31.651957,42.705902,2.6979143e-09,0.07830427
100,2017-06-06,9.169593e-05,0.0012471908,12.12997,49.740616,1.3981293e-05,0.18131228
101,2017-06-07,0.00010954837,0.0008032858,25.774406,38.341717,2.6822893e-06,0.06645471
102,2017-06-08,0.00028286292,0.0016923584,12.955223,46.23515,2.4905721e-06,0.11509375
103,2017-06-09,5.556128e-05,0.001058078,29.113672,58.103867,3.600107e-06,0.07873373
104,2017-06-12,0.0005140859,0.0038917498,11.409384,41.37426,7.899681e-06,0.16040328
105,2017-06-13,6.814752e-05,0.00033389384,17.102129,84.73902,1.7202789e-06,0.23758768
106,2017-06-14,0.000503639,0.001904655,17.73738,55.450672,2.568247e-06,0.20322795
107,2017-06-15,0.00031931984,0.0035890548,12.295694,34.895935,3.3230404e-05,0.13933255
108,2017-06-16,0.00013661674,0.000593994,13.315577,40.409985,5.603151e-07,0.09265684
109,2017-06-19,0.0006442666,0.0015544354,10.860894,29.149078,9.64394e-07,0.13060842
110,2017-06-20,0.00010430787,0.005636029,9.738284,31.588306,2.7157566e-05,0.07793794
111,2017-06-21,0.00017291882,0.013196608,6.544402,44.76051,0.00015870424,0.09074087
112,2017-06-22,8.353763e-05,0.00033607276,23.230927,71.60271,1.312411e-06,0.04982654
113,2017-06-23,9.407581e-06,0.00017817375,41.10197,65.01021,2.831178e-07,0.057210363
114,2017-06-26,4.3764932e-05,0.0007448004,21.055927,39.13523,5.077205e-08,0.047545627
115,2017-06-27,5.4789136e-05,0.0005806598,19.54435,53.25992,4.4577632e-07,0.07014009
116,2017-06-28,5.0286024e-05,0.0041518775,16.71622,43.03021,-6.862919e-08,0.030925175
117,2017-06-29,2.5762582e-05,0.00042338893,30.95209,60.17348,2.1422943e-08,0.07517726
118,2017-06-30,7.3563792e-06,0.000457648,37.24073,62.35441,-4.0108786e-10,0.036926746
119,2017-07-03,0.0008699683,0.0035719725,5.1646147,39.28193,5.124383e-06,0.20214342
120,2017-07-04,0.0010854678,0.006175973,6.4077325,48.341072,3.1015108e-05,0.16383222
121,2017-07-05,8.134746e-05,0.0022187955,11.24006,73.00868,7.284147e-07,0.089039445
122,2017-07-06,0.0005197871,0.0030991796,7.6765485,63.732788,3.3573863e-06,0.115229234
123,2017-07-07,0.00014869732,0.0005299539,30.761738,45.105614,1.5440971e-06,0.10394534
124,2017-07-10,0.00016723479,0.0029470054,8.673418,61.785255,6.4267174e-06,0.15378554
125,2017-07-11,0.00012652567,0.002728335,11.105168,61.83642,9.47229e-05,0.18888566
126,2017-07-12,7.914634e-05,0.0013685307,16.834568,83.35413,6.312163e-07,0.17944556
127,2017-07-13,0.0010176894,0.0052480916,9.39541,73.68809,5.9341005e-07,0.35171333
128,2017-07-14,1.512545e-05,0.0011212159,22.338205,71.70328,5.463444e-08,0.0992019
129,2017-07-17,0.00011596984,0.00028519554,22.900356,58.343,6.9013873e-07,0.0876954
130,2017-07-18,4.6761103e-05,0.00025592608,23.570446,68.8036,6.203272e-08,0.11977042
131,2017-07-19,3.289156e-05,0.0017563609,9.262033,68.92038,7.156176e-06,0.17117105
132,2017-07-20,2.3114731e-05,0.000689673,18.189987,79.10553,3.7474177e-08,0.1393576
133,2017-07-21,0.00018735648,0.0011656659,12.378343,64.16,2.0716792e-08,0.1109269
134,2017-07-24,0.00010094961,0.0012858303,23.526623,56.179466,3.145572e-07,0.12641363
135,2017-07-25,0.00024156635,0.0007449786,11.430372,41.585205,4.6459345e-06,0.09674058
136,2017-07-26,0.00011476098,0.00087779266,12.886742,66.741844,2.6607182e-07,0.12456836
137,2017-07-27,0.00036806823,0.0034856547,7.14069,48.991394,2.2973745e-05,0.34721217
138,2017-07-28,0.00021815595,0.00062337494,21.98936,66.896454,1.0288887e-06,0.13407944
139,2017-07-31,0.0006430827,0.00096713944,30.146812,65.28627,3.7123039e-07,0.13969743
140,2017-08-01,1.1172989e-05,0.0016345137,18.294266,63.78576,-1.8536218e-07,0.10291344
141,2017-08-02,0.00033745565,0.00082976586,10.714543,90.27219,-2.388564e-07,0.16514216
142,2017-08-03,0.00027089284,0.0011848158,26.977732,77.94728,6.839309e-07,0.16428532
143,2017-08-04,8.761007e-05,0.00044308172,18.518053,89.23637,5.2080503e-07,0.17834626
144,2017-08-07,0.0007880127,0.0017171999,20.359623,52.991024,1.069332e-06,0.21067165
145,2017-08-08,0.00022126143,0.00035318112,32.548626,84.44817,2.0489006e-08,0.14304182
146,2017-08-09,0.000121210716,0.0012243034,27.091795,70.71515,1.4905519e-06,0.094827436
147,2017-08-10,0.00014789315,0.00040839135,25.013771,69.62515,-1.04970095e-08,0.074924
148,2017-08-11,4.175481e-05,0.0005149941,21.695963,65.93358,2.599092e-07,0.14368434
149,2017-08-14,0.0007196953,0.003751758,9.13216,43.90655,1.5427181e-06,0.16583927
150,2017-08-15,5.223285e-05,0.0023805252,20.018763,75.45626,1.0844178e-06,0.15690483
151,2017-08-16,0.00048854435,0.007706007,5.160449,61.09205,3.274278e-05,0.219437
152,2017-08-17,4.822695e-05,0.00078871055,17.545843,76.395744,3.3112127e-07,0.11351603
153,2017-08-18,0.00019976059,0.007106412,13.134502,39.79177,-9.587548e-08,0.17459384
154,2017-08-21,9.363266e-05,0.003652744,11.158588,53.906643,1.740333e-05,0.1511373
155,2017-08-22,0.0002563653,0.00024167709,16.718882,100.22995,6.934597e-07,0.11485036
156,2017-08-23,0.00030911888,0.0015647628,14.014904,62.256775,1.2010437e-06,0.16253206
157,2017-08-24,0.00027705907,0.00087757077,19.586418,50.447086,1.4718696e-06,0.07427493
158,2017-08-25,3.485484e-05,0.0021512252,12.469642,63.92135,3.5473735e-05,0.20468137
159,2017-08-28,0.000101702295,0.00089788483,17.089527,94.7485,3.892746e-07,0.12969261
160,2017-08-29,1.7184582e-05,0.0011584337,24.8088,74.24699,-1.6420586e-08,0.24297893
161,2017-08-30,0.0010998663,0.015813611,6.4127865,50.41035,0.00015392524,0.30793905
162,2017-08-31,9.491707e-05,0.0039818655,11.498296,70.42289,1.0678106e-06,0.1364021
163,2017-09-01,6.9962574e-05,0.0007064484,25.902458,85.96854,5.8382847e-07,0.09866145
164,2017-09-04,0.00035469394,0.0007660759,11.7895975,63.50303,1.5306898e-06,0.15261802
165,2017-09-05,0.0003221215,0.0004714773,14.721807,62.156162,9.456549e-07,0.11942476
166,2017-09-06,0.00041474128,0.0032026179,15.8063345,79.01616,4.824188e-07,0.13907075
167,2017-09-07,0.00021178977,0.000636625,11.994678,60.81379,3.629578e-08,0.1440832
168,2017-09-08,5.8219335e-05,0.00061200076,29.197023,68.288734,2.0162025e-08,0.11925212
169,2017-09-11,0.0003459076,0.0011740555,24.658833,39.614925,8.933169e-08,0.1078606
170,2017-09-12,0.00015876027,0.001828998,16.542519,84.32536,-1.4016876e-08,0.08530642
171,2017-09-13,0.0001015586,0.0007789139,20.721558,70.648285,-2.530579e-09,0.07600191
172,2017-09-14,0.00010210598,0.0004032345,65.25603,47.069157,4.6181835e-08,0.106026106
173,2017-09-15,1.02322765e-05,0.0004942392,25.41994,80.53099,4.894196e-07,0.082033165
174,2017-09-18,1.5604575e-05,0.0018559942,20.82,58.145046,4.7027875e-06,0.13476194
175,2017-09-19,0.0002557635,0.0029089716,12.2837305,63.357082,-2.921969e-07,0.11993868
176,2017-09-20,8.878801e-05,0.0022998182,9.242077,38.800434,1.7610022e-05,0.12570009
177,2017-09-21,6.478536e-05,0.0010594965,12.176336,40.53601,3.3673298e-06,0.115148075
178,2017-09-22,0.0007246482,0.0019184042,6.963881,40.7027,3.601076e-05,0.26475036
179,2017-09-25,7.075394e-05,0.00024183391,25.209454,37.961067,1.3774539e-06,0.08223122
180,2017-09-26,0.000254492,0.0027934213,21.935411,55.05112,-3.4566702e-07,0.13915895
181,2017-09-27,0.00055510295,0.0024177607,25.810837,65.16281,1.8529062e-06,0.17057458
182,2017-09-28,0.0004762824,0.007629989,8.611155,52.606403,0.00016818293,0.17634676
183,2017-09-29,0.0001298722,0.00059584744,21.014189,94.25587,4.7889763e-08,0.11209235
184,2017-10-09,0.00034463574,0.0022745829,6.408667,54.979794,-1.4214303e-06,0.22061357
185,2017-10-10,3.3209424e-05,0.00013804283,32.539253,56.270206,6.7886057e-09,0.054399498
186,2017-10-11,4.7155085e-05,0.0004797335,25.568611,74.214745,1.522882e-11,0.099979736
187,2017-10-12,0.000102020735,0.00031332587,27.194706,92.35872,5.161706e-07,0.08591807
188,2017-10-13,8.495337e-06,0.00017665276,41.862213,60.574776,2.7374902e-08,0.0875037
189,2017-10-16,3.6216963e-05,0.00027926493,31.558216,55.725773,1.5567975e-08,0.056247093
190,2017-10-17,0.000121787314,0.0007917901,16.531868,106.28754,5.383404e-06,0.16799468
191,2017-10-18,0.00014925917,0.001498141,12.514736,54.375065,1.288723e-06,0.22412114
192,2017-10-19,7.840977e-05,2.7246855e-05,57.176773,67.37164,2.0987027e-08,0.071065195
193,2017-10-20,6.7492605e-05,0.00041253993,38.776146,59.79241,9.980512e-09,0.07614157
194,2017-10-23,2.8716222e-05,0.0008603448,29.42328,68.030594,2.979707e-07,0.13165073
195,2017-10-24,3.9701557e-05,0.003693516,16.776423,68.246506,2.9796415e-06,0.10394065
196,2017-10-25,4.6299638e-06,0.0003132015,27.46498,65.500084,2.4239784e-08,0.1523365
197,2017-10-26,6.928032e-06,0.00047350887,24.825315,65.309296,4.900773e-09,0.13999607
198,2017-10-27,2.6806145e-05,0.0021425884,35.111885,55.62243,1.3521299e-07,0.14158711
199,2017-10-30,1.3729868e-05,0.0005777488,32.044624,56.685818,1.4135299e-08,0.10871419
200,2017-10-31,3.206644e-05,0.00020874929,21.062193,79.70305,-7.4074467e-09,0.13907968
201,2017-11-01,7.536719e-05,0.0006322598,12.360196,69.52525,7.714657e-07,0.17309979
202,2017-11-02,0.00016867614,0.0037798383,11.438866,51.047657,-7.9140136e-08,0.18093905
203,2017-11-03,3.1599517e-05,0.00058088556,17.934027,67.32879,6.624023e-08,0.07936013
204,2017-11-06,9.078389e-07,0.00028190046,28.618809,87.794716,1.655867e-08,0.112144135
205,2017-11-07,2.6476859e-05,0.0022489568,13.072835,41.048714,4.3937002e-06,0.13573599
206,2017-11-08,3.8112885e-05,0.0013872836,32.050373,70.80473,2.9949464e-07,0.11020842
207,2017-11-09,5.8256293e-05,0.00035352554,45.257427,55.200195,4.403615e-08,0.121295266
208,2017-11-10,0.00011095529,0.00051131286,13.418003,70.32603,7.46686e-07,0.11532525
209,2017-11-13,4.427678e-05,0.00042775655,19.319736,111.9474,7.55319e-09,0.23426068
210,2017-11-14,9.601543e-05,0.00039843857,29.249384,68.65137,8.5176374e-08,0.09483419
211,2017-11-15,0.0002956177,0.0019676723,8.410077,71.58657,7.5764305e-08,0.06555045
212,2017-11-16,4.4812834e-05,0.001314638,11.19449,72.98532,-4.707547e-06,0.15343425
213,2017-11-17,4.0324543e-05,0.003676148,9.222239,61.921383,-7.0055606e-10,0.13177343
214,2017-11-20,0.001089599,0.004042124,6.5086246,41.797165,8.6321925e-06,0.17714356
215,2017-11-21,0.0002330598,0.0008370231,13.604549,71.40301,9.693466e-07,0.14622082
216,2017-11-22,0.00015075773,0.0015479707,9.197576,75.49052,6.1852593e-06,0.16866341
217,2017-11-23,0.00018996622,0.0020151653,18.023758,83.390465,9.2954934e-07,0.20371777
218,2017-11-24,0.00046883826,0.0028673396,8.930875,81.107994,7.4335653e-06,0.18443374
219,2017-11-27,0.00013667827,0.00036106765,22.144566,57.276573,1.7032442e-06,0.13025795
220,2017-11-28,0.0005517587,0.003521854,6.7670794,57.520466,3.6660335e-06,0.077654
221,2017-11-29,1.4208615e-05,0.00045836502,14.055237,66.67194,3.2544895e-07,0.098110124
222,2017-11-30,9.640267e-05,0.0019094667,17.366808,39.699596,4.5669353e-06,0.070310846
223,2017-12-01,4.070117e-05,0.0012115112,15.804392,53.855686,1.1159861e-08,0.0591315
224,2017-12-04,0.00027107637,0.0023046646,10.688545,50.7645,-5.834754e-08,0.19378917
225,2017-12-05,0.0002627847,0.0012505269,14.92141,37.00197,-3.2227607e-07,0.06479246
226,2017-12-06,5.7381665e-05,0.00059043895,22.876347,67.14927,8.150959e-08,0.08049918
227,2017-12-07,2.7770488e-05,0.0002519304,24.227785,68.97153,7.8098003e-07,0.14068866
228,2017-12-08,8.134545e-05,0.0015321105,10.460455,61.242878,7.4803625e-06,0.15241925
229,2017-12-11,0.0009970283,0.0010786225,15.400403,52.092934,3.267965e-06,0.22232895
230,2017-12-12,0.0006497647,0.0051191607,12.252014,47.74731,4.549901e-06,0.117391445
231,2017-12-13,0.00095712754,0.0013911726,8.51366,80.655136,1.0650099e-06,0.12050779
232,2017-12-14,0.00046408613,0.002336948,13.126187,55.823524,3.8326579e-07,0.1550895
233,2017-12-15,0.00057407736,0.008150632,9.341795,61.52598,3.70292e-06,0.10737733
234,2017-12-18,0.00012683768,0.0010928595,21.03794,66.61871,6.126159e-09,0.068530925
235,2017-12-19,0.00044903037,0.007740865,6.22205,54.232414,7.4921327e-06,0.26192406
236,2017-12-20,0.00037368422,0.0016725479,6.459539,67.42114,-2.3629743e-06,0.17595632
237,2017-12-21,0.00015201028,0.0009238189,18.876005,72.92076,-2.0101578e-09,0.11048303
238,2017-12-22,0.00020519379,0.0022550148,9.829743,68.08616,3.4708097e-07,0.10915582
239,2017-12-25,0.00048298636,0.00030140288,11.817078,43.68821,7.3942447e-06,0.17098385
240,2017-12-26,1.0453594e-05,0.00075765955,20.853334,91.770256,-5.176206e-08,0.087396845
241,2017-12-27,0.0011241602,0.012177996,6.3511977,53.448082,0.00014664352,0.25650504
242,2017-12-28,0.00037902867,0.0006401038,16.42609,69.409904,5.626866e-07,0.17798051
243,2017-12-29,7.9820966e-05,0.0015499425,5.961672,56.84356,8.042799e-06,0.15208283
244,2018-01-02,0.00015180671,0.0013904172,11.055112,74.42437,6.5456696e-08,0.20099503
245,2018-01-03,0.0010484627,0.001194485,3.4454725,64.09523,4.1136693e-05,0.23870139
246,2018-01-04,0.00032251055,0.0044112955,7.5766263,44.969128,4.9017885e-06,0.13301502
247,2018-01-05,7.4266654e-06,0.00057707063,25.67991,83.70685,1.17385156e-07,0.1146677
248,2018-01-08,0.00095703115,0.0129721295,4.9105897,44.42349,4.363134e-05,0.21081752
249,2018-01-09,0.0003583899,0.013683921,9.702803,37.585796,1.4935723e-05,0.15837552
250,2018-01-10,0.0004800046,0.0031769897,11.610892,46.50611,1.9926472e-05,0.13246538
251,2018-01-11,0.000109064385,0.00080479094,18.799818,58.893658,7.1304726e-07,0.1085905
252,2018-01-12,3.245531e-05,0.0006591642,19.013195,85.94659,1.4094202e-07,0.10055595
253,2018-01-15,0.00020944676,0.00088589475,10.00088,53.032387,3.5326357e-06,0.10780212
254,2018-01-16,5.9170907e-05,0.0017416121,13.948443,87.42235,1.4305068e-06,0.13820715
255,2018-01-17,7.042077e-05,0.0004136159,14.06108,94.38132,2.2409778e-07,0.115071364
256,2018-01-18,5.4674387e-05,0.000231163,26.322762,73.95713,7.758442e-08,0.06740132
257,2018-01-19,6.4093256e-05,0.0009709586,14.288874,48.84567,3.910641e-07,0.0515115
258,2018-01-22,9.818633e-05,0.0012055165,9.88743,68.21664,5.7620073e-09,0.0962794
259,2018-01-23,7.5305e-05,0.00020412295,28.0554,86.06761,7.29518e-07,0.06618256
260,2018-01-24,0.00011021384,0.0016309249,14.07973,35.02883,1.5958038e-06,0.086045094
261,2018-01-25,9.911188e-06,0.00074935734,26.238176,48.163834,5.483106e-08,0.06981743
262,2018-01-26,2.7853297e-05,0.00052640977,28.517588,57.908264,1.02801225e-08,0.05292985
263,2018-01-29,0.00021965403,0.00091741513,12.280532,49.995495,6.5592775e-07,0.13307144
264,2018-01-30,0.000108599,0.001635662,12.082757,49.048286,-2.2463387e-07,0.105105445
265,2018-01-31,0.000118472046,0.00013597425,17.574503,33.02562,-7.5826445e-10,0.045054562
266,2018-02-01,0.00040576063,0.0016296247,9.042403,26.712433,1.4527894e-06,0.046726465
267,2018-02-02,1.962673e-05,0.0010888568,21.891703,44.30226,9.161274e-07,0.10780702
268,2018-02-05,0.0003443492,0.0022021595,8.562003,33.651894,4.6825986e-05,0.1826896
269,2018-02-06,0.0012890325,0.0022575264,3.309102,47.386684,0.0007532569,0.11295214
270,2018-02-07,6.408879e-05,0.00013726752,12.482179,56.72845,9.482742e-08,0.11181894
271,2018-02-08,0.0002126242,0.001873971,7.2927637,40.82756,3.783564e-06,0.11525102
272,2018-02-09,0.00012476442,0.00015661339,21.24279,46.694347,5.884218e-07,0.049011745
273,2018-02-12,0.00025641758,0.0016146766,13.743537,74.53289,2.3319151e-07,0.19960055
274,2018-02-13,9.2421375e-05,0.00089039473,11.279386,48.33315,7.734355e-06,0.09417217
275,2018-02-14,0.00052387506,0.0049403138,3.9080763,31.012218,0.000101906335,0.20375511
276,2018-02-22,8.0550126e-05,0.00071712973,27.298302,59.937416,2.6503974e-06,0.12953465
277,2018-02-23,0.00026715384,0.007863243,14.6446085,65.931015,3.6902286e-05,0.13905787
278,2018-02-26,2.0070447e-05,0.0015327056,12.123071,60.33521,4.978401e-06,0.122340925
279,2018-02-27,0.00012876911,0.00028431436,13.749909,50.345966,3.9772294e-07,0.07556522
280,2018-02-28,7.205753e-05,0.0005473693,19.361078,65.13642,1.8599126e-06,0.09263907
281,2018-03-01,0.0006202565,0.003975167,10.02861,52.34693,2.7486723e-05,0.16128169
282,2018-03-02,5.927089e-06,0.0005095759,44.271355,52.989624,6.5083924e-08,0.055271618
283,2018-03-05,1.8836758e-05,0.0012464264,31.977438,24.582985,7.729533e-08,0.034534045
284,2018-03-06,2.5526704e-05,0.0020199453,24.091412,48.85889,4.5489287e-07,0.05891308
285,2018-03-07,6.006045e-06,0.00031886133,32.41902,70.6644,-9.245689e-09,0.048429172
286,2018-03-08,8.460338e-06,0.00041672747,27.10152,55.974606,1.1482767e-07,0.10382564
287,2018-03-09,0.0002739743,0.0013002135,12.341882,46.434784,7.383414e-07,0.04382574
288,2018-03-12,2.5849216e-05,0.00067025214,16.792564,74.1176,4.8378034e-08,0.0855441
289,2018-03-13,0.00015841883,0.00063805823,22.101034,52.937733,-3.9890184e-09,0.0772878
290,2018-03-14,5.409403e-05,0.0030281162,14.425891,65.90359,1.966793e-06,0.12891544
291,2018-03-15,0.0002503452,0.0036773928,10.852578,56.42382,6.149189e-05,0.17690058
292,2018-03-16,0.00011093381,0.0036168387,13.486108,72.30159,2.680732e-06,0.06278365
293,2018-03-19,0.00031099937,0.0014879057,12.675557,51.08998,1.9277587e-07,0.11597414
294,2018-03-20,4.230218e-05,0.00063856633,20.962559,69.42799,4.1607743e-07,0.07487261
295,2018-03-21,1.8947076e-05,0.0004613192,25.599213,74.438225,2.135513e-08,0.09118156
296,2018-03-22,0.0001277281,0.0043796,9.343576,80.609726,7.2634743e-06,0.11580327
297,2018-03-23,0.00015177946,0.00018082515,10.131407,76.866745,3.6443677e-07,0.14230628
298,2018-03-26,0.00027069682,0.0036597936,9.39025,65.3142,9.140817e-06,0.1417786
299,2018-03-27,8.2212655e-06,0.0023778882,16.804173,56.736595,8.565451e-07,0.11295352
300,2018-03-28,2.4553716e-05,0.0015666281,27.698845,52.023174,5.9672416e-08,0.046876922
301,2018-03-29,8.578998e-05,0.0019187938,22.456207,53.51052,1.1108901e-07,0.1041266
302,2018-03-30,4.4154754e-06,0.017532274,11.748844,24.781832,1.409829e-06,0.17118339
303,2018-04-02,0.00013549077,0.002670249,14.2240925,60.631226,1.2157752e-06,0.117490545
304,2018-04-03,4.279468e-05,0.0031318588,13.947936,80.88208,1.8309916e-07,0.120657824
305,2018-04-04,0.00074169727,0.0022031092,6.543022,50.3915,5.71998e-06,0.15085965
306,2018-04-09,0.00010307421,0.00031916937,25.36976,62.534504,4.4624066e-08,0.065622285
307,2018-04-10,5.6789315e-05,0.0012520003,12.450175,35.11714,2.2554852e-07,0.05839331
308,2018-04-11,2.120587e-05,0.0008749295,41.327473,59.84707,-2.3760169e-08,0.052143365
309,2018-04-12,4.2928088e-05,0.0030607644,19.236889,105.69278,3.219108e-07,0.14874908
310,2018-04-13,3.0224846e-05,0.0030918473,19.024614,44.92925,2.846324e-06,0.120080434
311,2018-04-16,5.1730272e-05,0.0006254724,21.831415,53.136074,1.3099511e-06,0.09441727
312,2018-04-17,0.00020215388,0.00024092179,14.408484,77.26245,4.7326168e-07,0.14565738
313,2018-04-18,0.00017799098,0.0007231291,25.578587,41.913944,9.120873e-07,0.08246875
314,2018-04-19,8.244825e-05,0.00042869194,38.77747,54.31776,6.1080186e-08,0.06846042
315,2018-04-20,2.6335916e-05,0.00023829644,34.152485,62.349056,-1.16873835e-08,0.06404129
316,2018-04-23,6.6677385e-05,0.0012890851,19.387186,34.91825,1.4454114e-06,0.11187198
317,2018-04-24,5.8525984e-05,0.0007334147,19.233648,88.58625,2.2196248e-06,0.24447097
318,2018-04-25,4.4328262e-05,0.00070016895,23.141005,69.634636,5.6589107e-07,0.13469815
319,2018-04-26,9.88831e-06,0.002266986,26.529224,56.127937,1.985112e-06,0.059819512
320,2018-04-27,4.643385e-06,0.00058654696,36.93556,50.3866,2.8424937e-08,0.0487664
321,2018-05-02,8.928485e-05,0.0038896939,9.591874,38.504566,2.0992307e-05,0.14967193
322,2018-05-03,6.0423205e-05,0.00055000244,34.427425,63.838886,-1.9496946e-07,0.10458953
323,2018-05-04,0.0003360184,0.00613559,7.05659,59.625984,0.00013476882,0.24673317
324,2018-05-07,0.00010776429,0.0020097524,12.697594,55.597954,6.924138e-06,0.19059639
325,2018-05-08,4.8944567e-06,0.0006785581,31.928345,50.274734,3.1865106e-08,0.0952161
326,2018-05-09,4.2001502e-05,0.00060097326,31.487484,71.19018,4.7239294e-07,0.118544035
327,2018-05-10,2.8827053e-05,0.0014542305,29.037342,50.628075,3.2564083e-07,0.18333018
328,2018-05-11,0.00018727103,0.0037840437,16.367214,50.75713,7.1434006e-06,0.14913978
329,2018-05-14,0.00025018235,0.0010249118,16.220531,62.831974,1.4844123e-06,0.16829139
330,2018-05-15,0.00057119905,0.003779293,18.107658,27.176315,6.654773e-06,0.09378156
331,2018-05-16,0.00016529943,0.0009195735,28.50883,55.602757,2.4986796e-06,0.08421649
332,2018-05-17,0.00042071202,0.003115256,17.413765,49.64955,6.590837e-06,0.09943421
333,2018-05-18,3.891382e-05,0.0010557676,17.25771,50.38991,6.2662315e-07,0.080521055
334,2018-05-21,0.00024680846,0.0034948487,19.257587,45.520565,2.110505e-06,0.1592785
335,2018-05-22,0.00030839388,0.0040413924,15.154064,76.10102,8.375337e-06,0.07078937
336,2018-05-23,5.6549386e-05,0.0015671408,15.792385,48.516407,8.9022086e-07,0.14702404
337,2018-05-24,0.00027423352,0.00036536012,15.413811,49.682114,9.77116e-08,0.08373617
338,2018-05-25,5.5784963e-05,0.00062886975,27.680325,52.747295,6.1480176e-07,0.0597277
339,2018-05-28,0.000116803116,0.0018902912,29.977077,66.27613,5.280364e-07,0.08837889
340,2018-05-29,1.1143532e-05,0.00021844346,44.181408,64.41648,6.6454153e-09,0.0688721
341,2018-05-30,0.00012205132,0.0035120782,17.328936,57.84511,7.1793834e-06,0.0980306
342,2018-05-31,5.085012e-05,0.00082771335,38.886883,76.52083,9.953714e-08,0.1380117
343,2018-06-01,0.0003641126,0.0013945836,17.224482,44.69584,1.3755919e-06,0.06965888
344,2018-06-04,0.00019457779,0.0029179808,13.500355,78.580345,7.52769e-06,0.10359419
345,2018-06-05,0.00019369557,0.0020237844,13.108797,65.03637,-2.088268e-06,0.16212381
346,2018-06-06,0.00039246847,0.0024669697,10.848369,66.33551,3.782029e-06,0.09441749
347,2018-06-07,5.8085567e-05,0.0019667991,25.926397,74.739426,1.0826167e-06,0.110147305
348,2018-06-08,0.00035632937,0.0052867653,15.351824,57.05799,1.5126374e-06,0.13751686
349,2018-06-11,9.6942545e-05,0.0023376367,15.911601,58.626225,8.9829547e-07,0.10006357
350,2018-06-12,6.523254e-05,0.0005755197,22.630722,79.79317,2.2360497e-08,0.092961974
351,2018-06-13,3.3326873e-05,0.0019583835,22.79386,51.769913,6.5836065e-07,0.107369564
352,2018-06-14,0.00012424546,0.0028712153,9.06695,44.59261,3.8624457e-06,0.11170203
353,2018-06-15,3.789117e-05,0.00017376895,35.06243,58.20856,-1.175823e-09,0.0411661
354,2018-06-19,3.1596654e-05,0.0003148917,19.558764,50.359337,3.1226205e-06,0.06287427
355,2018-06-20,0.00010854679,0.0013098554,16.30384,53.45959,2.526877e-05,0.12175443
356,2018-06-21,5.2240674e-05,0.0009182889,13.574116,82.32407,7.6980837e-07,0.11273857
357,2018-06-22,0.00026599693,0.0012648058,14.20692,64.664986,8.2168335e-06,0.07796814
358,2018-06-25,0.00026564897,0.0015273369,19.12806,58.49676,4.890303e-06,0.09930135
359,2018-06-26,8.880604e-05,0.004362027,11.346133,61.46958,8.717102e-06,0.12853439
360,2018-06-27,6.102271e-05,0.00052997516,26.31283,53.280464,7.662238e-08,0.076350704
361,2018-06-28,0.0002290546,0.003460839,12.3840275,46.196087,2.5109117e-05,0.13198751
362,2018-06-29,4.0782128e-05,0.00088241906,17.986624,54.113667,8.6420886e-07,0.1645223
363,2018-07-02,0.000528022,0.00079836673,14.513166,62.29864,2.1477451e-06,0.16870448
364,2018-07-03,7.574793e-05,0.00046528436,29.148561,59.317417,1.7907671e-07,0.05517737
365,2018-07-04,0.0001260978,0.0017040081,10.033251,68.056885,1.5407002e-06,0.07979134
366,2018-07-05,0.00027191706,0.0009188722,15.9052,42.212456,-3.002568e-06,0.12188041
367,2018-07-06,8.4236835e-06,0.00015619288,25.332123,73.58031,2.54841e-08,0.09482601
368,2018-07-09,0.00023015247,0.0014156651,19.624249,57.63723,1.7684999e-06,0.15737925
369,2018-07-10,3.582632e-05,0.0015889708,18.73719,63.132393,-1.4273768e-07,0.094890915
370,2018-07-11,1.9577024e-05,0.0029301709,17.216248,69.577705,9.289831e-06,0.15361978
371,2018-07-12,2.0660664e-05,0.0006342156,37.925026,59.582336,7.2408324e-07,0.07792053
372,2018-07-13,0.0005318515,0.0027914548,12.506702,52.091724,8.564162e-06,0.2311361
373,2018-07-16,3.4426335e-05,0.0014295223,33.884804,47.39525,3.640757e-08,0.06856598
374,2018-07-17,0.0002511356,0.0057356567,14.313191,44.356377,6.8923546e-06,0.29386193
375,2018-07-18,5.2724783e-05,0.00056854123,25.361403,86.13173,-1.5970116e-07,0.10075898
376,2018-07-19,0.00010503468,0.00067566417,21.337967,71.49001,9.605322e-07,0.085650496
377,2018-07-20,0.00015208485,0.0012745777,13.913087,50.219418,1.7702669e-05,0.18177405
378,2018-07-23,0.00014558717,0.0015203896,12.683721,42.25153,1.4767757e-06,0.17706229
379,2018-07-24,0.0010350319,0.0045179934,11.033968,37.96525,8.463034e-06,0.10833136
380,2018-07-25,0.00034234268,0.0057120593,12.809444,37.11742,2.876569e-06,0.120480746
381,2018-07-26,0.00014594289,0.0033156518,9.270796,46.222862,2.902419e-05,0.1943883
382,2018-07-27,5.6120287e-05,0.0020935799,14.640389,53.917046,1.2066037e-06,0.10952391
383,2018-07-30,5.391957e-05,0.000864154,19.132332,60.94857,1.4311667e-07,0.13660672
384,2018-07-31,0.000115479575,0.00019849418,37.64534,73.818634,2.8270279e-08,0.106664486
385,2018-08-01,1.7277855e-05,0.00014974002,28.331436,63.76958,-2.1771642e-07,0.11842651
386,2018-08-02,0.0002782529,0.01172842,7.81995,55.972176,-3.4385619e-06,0.20879804
387,2018-08-03,4.175476e-05,0.00026161858,21.466951,66.037224,1.7102866e-06,0.10776956
388,2018-08-06,0.00027871347,0.0041282396,13.552217,59.332756,4.4506883e-06,0.095394656
389,2018-08-07,0.0001428035,0.00086217467,13.98763,63.23507,1.0718169e-06,0.24755628
390,2018-08-08,5.6996756e-05,0.00029072145,31.531115,57.133686,6.0367466e-07,0.061231345
391,2018-08-09,0.00012423805,0.0009869561,19.862566,58.20328,8.823606e-07,0.123490565
392,2018-08-10,0.0001857769,0.00076137355,13.850471,52.086643,7.2754887e-07,0.06442366
393,2018-08-13,0.0002514882,0.0012565769,9.216932,53.06383,2.8090057e-07,0.15606372
394,2018-08-14,6.069347e-05,0.00053314486,24.449999,56.819324,1.3171111e-06,0.09186195
395,2018-08-15,4.769513e-05,0.00035557657,31.849443,64.98449,9.788104e-08,0.06691114
396,2018-08-16,0.00012660622,0.0002166572,24.699642,67.66026,2.8959403e-07,0.09196862
397,2018-08-17,8.7959e-05,0.00089150795,12.15552,77.17897,1.4455308e-07,0.19043955
398,2018-08-20,0.0001533143,0.0018561737,15.701347,62.476143,4.1935974e-07,0.1571961
399,2018-08-21,0.0001260076,0.001253587,25.31305,54.378582,2.3534672e-06,0.10563281
400,2018-08-22,0.00017218752,0.00155503,15.268431,75.26108,5.145202e-06,0.23798937
401,2018-08-23,0.0005743772,0.0066062734,11.104523,50.906082,2.4816323e-05,0.3102769
402,2018-08-24,4.272519e-06,9.119371e-05,37.647495,77.28906,2.4515705e-08,0.07657284
403,2018-08-27,2.4602243e-05,0.0037162928,19.600294,82.12537,4.058859e-07,0.2380653
404,2018-08-28,7.504795e-05,0.002537947,16.120092,82.10245,5.4154243e-06,0.24033736
405,2018-08-29,0.0001863627,0.0013072361,20.746058,111.32047,8.1087325e-07,0.2739078
406,2018-08-30,0.00033703045,0.0071011414,14.510495,43.69208,8.821589e-06,0.12388879
407,2018-08-31,9.828187e-05,0.00286218,16.178354,50.334312,1.1904386e-06,0.18929882
408,2018-09-03,0.0005562814,0.004635974,11.481934,66.52181,2.570032e-07,0.20291516
409,2018-09-04,6.446806e-05,0.00023787981,18.565859,89.46038,2.9908307e-07,0.09474877
410,2018-09-05,0.00010670539,0.00067170826,24.33433,78.87802,6.450444e-08,0.11007815
411,2018-09-06,0.00023736706,0.0053665065,12.032177,42.60345,-1.4823539e-06,0.2083365
412,2018-09-07,5.817721e-05,0.0014488007,19.832941,63.19783,-7.6290945e-08,0.09233994
413,2018-09-10,3.47858e-05,0.0016744994,14.467686,83.979935,1.2244661e-06,0.19797742
414,2018-09-11,1.9983068e-05,0.00037835984,22.35929,67.24103,2.3185336e-07,0.07074407
415,2018-09-12,0.00024220238,0.0012954732,17.504063,80.908226,2.853039e-07,0.13020737
416,2018-09-13,9.76256e-05,0.002077257,22.570267,52.206604,2.9829023e-06,0.13744572
417,2018-09-14,6.22447e-05,0.0033429929,23.099373,41.174038,2.175401e-07,0.10815837
418,2018-09-17,2.664137e-06,0.000528946,20.056635,77.4602,3.8563755e-08,0.075838625
419,2018-09-18,0.00018823086,0.0028838774,7.5415583,47.528328,4.329683e-06,0.10118219
420,2018-09-19,3.3114404e-05,0.001485386,13.157154,61.967785,1.2013757e-05,0.16000375
421,2018-09-20,0.00014939102,0.0015841711,15.973839,65.04256,3.4932677e-07,0.096296445
422,2018-09-21,4.8837854e-05,0.0027614834,12.594784,54.49303,-1.465683e-07,0.124407195
423,2018-09-25,0.00014826386,0.0037758416,11.061994,54.230515,8.662854e-06,0.16785453
424,2018-09-26,4.9344744e-05,0.00051286136,17.306913,88.375114,1.1493713e-07,0.12579803
425,2018-09-27,0.00015160517,0.0017643969,18.127737,49.748905,1.02323604e-07,0.113354534
426,2018-09-28,3.0303108e-05,0.00094765617,24.54032,64.8048,1.0180825e-06,0.06596007
427,2018-10-08,6.677631e-05,0.0007201246,17.301455,62.254257,-8.2426865e-09,0.11346669
428,2018-10-09,8.8504465e-05,0.0006804841,19.401005,45.13232,-2.4504777e-06,0.21536349
429,2018-10-10,0.0004644403,0.0023166372,18.625042,46.469196,5.153855e-06,0.14555997
430,2018-10-11,0.00014565224,0.00021854138,12.314359,39.00066,-6.571743e-08,0.0865142
431,2018-10-12,0.00014408084,0.00016373408,25.784916,57.89675,1.5592815e-07,0.10681718
432,2018-10-15,1.4206394e-05,0.00029786618,39.493748,63.899857,2.9155646e-07,0.070440285
433,2018-10-16,0.00040456463,0.0027431133,14.178204,56.162987,1.567034e-05,0.14162208
434,2018-10-17,2.4934287e-05,0.00080200814,20.053057,65.28803,1.10932675e-07,0.21631248
435,2018-10-18,0.0002753344,0.0012443708,17.403559,56.528107,8.946647e-07,0.11398021
436,2018-10-19,4.6770827e-05,0.0004977635,24.438683,60.64062,-1.2373339e-09,0.04401455
437,2018-10-22,5.999464e-05,0.0022016484,19.19856,50.756874,6.365139e-06,0.17998084
438,2018-10-23,2.6527956e-05,0.0007796015,27.932846,36.753746,7.4136274e-08,0.068141796
439,2018-10-24,6.472762e-05,0.0008557873,27.908247,67.23491,2.4427651e-08,0.09858102
440,2018-10-25,4.37405e-05,0.0014437251,19.49558,33.529552,6.85722e-06,0.13383503
441,2018-10-26,0.00020269823,0.00040948606,31.633522,55.124683,3.3423607e-08,0.06622451
442,2018-10-29,0.00029638715,0.0011526012,8.963708,56.040398,2.8238896e-06,0.1408717
443,2018-10-30,2.091854e-05,0.00055492943,33.34092,76.65727,4.996265e-07,0.12797078
444,2018-10-31,7.0487695e-05,0.0019544496,25.86763,52.16825,4.941625e-07,0.09943812
445,2018-11-01,0.0001145318,0.0003608631,27.789112,44.308533,3.288039e-07,0.05240456
446,2018-11-02,0.00018415105,0.0013069947,17.546862,62.658646,2.7799517e-06,0.24797212
447,2018-11-05,4.2235228e-05,0.0006370315,12.32765,50.243484,1.0946092e-06,0.16254678
448,2018-11-06,6.373742e-05,0.0027207758,19.633738,60.13742,1.079262e-06,0.085030384
449,2018-11-07,2.371011e-05,0.0010076856,16.500965,43.480087,-6.169803e-08,0.12891003
450,2018-11-08,7.5272554e-05,0.0011823993,26.574211,50.66906,1.16120944e-07,0.07244343
451,2018-11-09,9.57915e-05,0.001947279,31.070295,45.366837,6.3399125e-07,0.060057282
452,2018-11-12,3.4781082e-05,0.0017282862,17.798393,58.032627,5.2925632e-08,0.17518453
453,2018-11-13,0.0002416074,0.0064252308,9.738654,65.6953,3.9955823e-05,0.20374095
454,2018-11-14,0.00019229495,0.002335976,26.124466,38.844276,3.4662202e-07,0.090210035
455,2018-11-15,0.00020025083,0.0025943366,16.373785,40.133698,2.3312703e-06,0.12203465
456,2018-11-16,6.314698e-05,0.0027979736,23.854567,72.64276,2.9977247e-08,0.21988569
457,2018-11-19,0.0003698549,0.013489422,9.433454,30.276342,1.2238125e-05,0.1845382
458,2018-11-20,5.4321914e-05,0.002909381,15.095656,61.75742,1.03642606e-07,0.14070994
459,2018-11-21,0.0002179072,0.0034536617,16.648584,66.13191,8.4845885e-07,0.11672847
460,2018-11-22,8.18055e-05,0.0019880559,24.915457,64.7985,3.2173464e-08,0.15932608
461,2018-11-23,0.00018241702,0.0034864226,11.296736,42.837177,2.6961882e-08,0.098303124
462,2018-11-26,8.033411e-05,0.00037595586,21.135416,68.048004,2.845238e-08,0.056956366
463,2018-11-27,5.5766744e-05,0.0037744842,22.142466,67.74536,-1.2650764e-07,0.13629268
464,2018-11-28,5.0683157e-05,0.0041496614,19.687546,55.93298,3.9822705e-08,0.07782775
465,2018-11-29,6.0463866e-05,0.0022229152,18.876106,71.14474,1.4438494e-07,0.07115152
466,2018-11-30,3.5984078e-05,0.010148538,15.245514,44.670708,1.0728285e-06,0.12283586
467,2018-12-03,0.00012092592,0.0069527393,10.852135,58.903343,-4.817679e-06,0.21330296
468,2018-12-04,0.00078367756,0.035549436,7.3595676,29.41726,2.694191e-05,0.17599425
469,2018-12-05,0.00042922702,0.0028098803,26.880602,44.43714,4.3621543e-07,0.127792
470,2018-12-06,0.000115615054,0.0014664442,23.049274,59.88493,2.3316488e-06,0.15406181
471,2018-12-07,6.224739e-05,0.0010088531,25.888971,55.19965,1.7388388e-06,0.07896449
472,2018-12-10,0.0001893708,0.0049062767,15.064939,36.97006,4.3647765e-06,0.1702576
473,2018-12-11,6.833698e-05,0.000697634,15.825418,81.4307,2.126311e-06,0.15288423
474,2018-12-12,0.00019749481,0.0033531608,22.040768,75.2618,8.268706e-06,0.14986128
475,2018-12-13,3.391633e-05,0.00047462268,35.192623,60.16047,2.1524667e-07,0.064589985
476,2018-12-14,0.000112745685,0.0021392843,26.963137,38.07402,5.953883e-06,0.059024453
477,2018-12-17,6.8256224e-05,0.003430954,12.2698345,55.42059,9.159896e-07,0.16480334
478,2018-12-18,1.6966897e-05,0.0013122648,24.945683,48.838703,9.866433e-07,0.06836059
479,2018-12-19,0.00031637403,0.024230659,8.657889,25.925674,0.00010844285,0.1461396
480,2018-12-20,0.0006002255,0.031915154,4.165093,16.9312,0.00066972396,0.080802634
481,2018-12-21,1.4232852e-05,0.00031227357,24.20347,51.85289,3.9228716e-08,0.051522955
482,2018-12-24,0.00039474305,0.014943418,7.4151936,38.957333,1.9928727e-06,0.19445059
483,2018-12-25,4.8774204e-05,0.0004879446,25.814236,46.400013,3.927501e-07,0.045574367
484,2018-12-26,9.942764e-06,0.0009796951,31.664713,58.315884,1.9680551e-06,0.08393286
485,2018-12-27,8.759087e-06,0.0014481844,35.561775,75.77255,3.1927232e-07,0.0930198
486,2018-12-28,1.872125e-05,0.0013385527,23.567259,53.433353,1.1830802e-07,0.05967987
487,2019-01-02,6.0940678e-05,0.0024532338,10.791636,39.875774,3.7793118e-06,0.09768254
488,2019-01-03,0.0006012712,0.006818744,4.830497,19.73296,9.05139e-05,0.12526102
489,2019-01-04,0.00015016964,0.0025000982,12.862072,55.88885,2.3813147e-06,0.14621656
490,2019-01-07,1.9292336e-05,0.0026816598,20.043896,65.77764,2.8113966e-06,0.129647
491,2019-01-08,7.9336685e-05,0.0045785727,9.3622265,38.37489,1.10841604e-07,0.05274017
492,2019-01-09,0.00038989427,0.0031202438,18.080858,39.327187,9.921048e-05,0.16236223
493,2019-01-10,2.8401166e-05,0.0007265548,20.40298,88.696434,3.1986892e-07,0.112273775
494,2019-01-11,0.0001946149,0.065192394,5.4419465,18.339333,6.0247945e-05,0.09662176
495,2019-01-14,0.00010935087,0.0006223508,19.766273,62.816727,-6.4722127e-07,0.09154091
496,2019-01-15,0.00014018691,0.013020273,11.040531,59.940884,2.8443549e-06,0.19177718
497,2019-01-16,2.9653387e-05,0.0016914499,22.182108,74.36522,1.1427894e-06,0.11161553
498,2019-01-17,3.2510892e-05,0.0008036847,26.468529,37.269947,6.032821e-09,0.033003263
499,2019-01-18,8.472268e-06,0.0015302162,17.00334,45.168873,4.6682844e-06,0.1161774
500,2019-01-21,5.7261877e-05,0.0014548708,32.57218,53.616066,1.930147e-07,0.07574056
501,2019-01-22,0.0002845968,0.0017733331,15.050406,57.88076,6.338435e-07,0.13297299
502,2019-01-23,9.326703e-05,0.0016488635,21.82924,60.380577,1.4144932e-06,0.06483235
503,2019-01-24,1.6972659e-05,0.00658041,10.323577,43.705124,2.400875e-06,0.14842418
504,2019-01-25,3.688658e-05,0.0029069413,13.666939,71.56811,4.987823e-06,0.23529571
505,2019-01-28,0.00017332751,0.0014742033,14.883082,63.563686,3.4886216e-07,0.049363192
506,2019-01-29,5.011295e-05,0.0018680221,16.440176,60.00661,-8.2700616e-08,0.114414334
507,2019-01-30,0.00019126438,0.006464367,15.28131,64.026146,1.7032262e-05,0.13403572
508,2019-01-31,0.00017787694,0.004606853,13.12893,52.418274,1.401207e-05,0.14117175
509,2019-02-01,0.00022256342,0.013497598,5.1166596,24.533499,0.00032868257,0.14706276
510,2019-02-11,2.4616153e-05,0.0024477902,18.751177,54.333435,2.8815673e-06,0.1390197
511,2019-02-12,3.6317768e-05,0.005251112,11.393319,50.08705,3.823128e-06,0.09669714
512,2019-02-13,8.450165e-05,0.0022642668,21.40939,64.35911,1.999047e-05,0.20544241
513,2019-02-14,2.9129253e-05,0.0016182077,23.489702,70.54664,2.5087893e-05,0.1211863
514,2019-02-15,2.0985353e-05,0.0025631129,12.697251,53.59397,-1.1638675e-06,0.122829325
515,2019-02-18,7.44028e-05,0.0031389953,21.892181,72.9334,1.5058922e-06,0.14343582
516,2019-02-19,2.2836399e-05,0.000989423,23.111496,105.6655,2.0916214e-07,0.14334936
517,2019-02-20,8.4546395e-05,0.008713762,13.960886,46.090046,8.006139e-06,0.1436002
518,2019-02-21,5.3055486e-05,0.0057981964,9.930591,60.017715,1.0347858e-05,0.1347419
519,2019-02-22,5.9997656e-05,0.0042395787,10.815619,44.46222,1.911292e-05,0.12752543
520,2019-02-25,4.2336844e-05,0.0032441637,11.877836,56.52667,1.6824657e-05,0.14002113
521,2019-02-26,2.0596288e-05,0.0013265889,27.4701,54.411907,1.0423544e-06,0.082272194
522,2019-02-27,7.249778e-05,0.0019727298,18.122252,69.214485,3.6705194e-06,0.12203686
523,2019-02-28,1.526828e-07,0.001758213,18.493282,69.319145,4.1998316e-08,0.08645449
524,2019-03-01,1.0223919e-05,0.0006337465,29.007689,83.90537,7.001734e-07,0.12123183
525,2019-03-04,1.6092115e-05,0.0021125216,13.272206,73.6153,4.799141e-06,0.08540175
526,2019-03-05,5.6527897e-06,0.0046216827,18.769875,57.881912,9.075768e-08,0.16058515
527,2019-03-06,7.57254e-05,0.0009504918,18.460772,50.51077,1.0098453e-06,0.07142836
528,2019-03-07,0.00028746165,0.0075910464,8.488039,39.44958,2.3640972e-05,0.15083458
529,2019-03-08,0.00010886079,0.002037374,11.3979435,79.7032,4.6558625e-06,0.12973654
530,2019-03-11,1.6838176e-05,0.0008651502,19.653288,66.9351,5.7476697e-08,0.109549046
531,2019-03-12,4.613416e-05,0.00028529466,25.307476,59.558006,-5.574698e-09,0.04712438
532,2019-03-13,7.17688e-05,0.0030199322,10.609369,53.320217,2.824767e-06,0.09965274
533,2019-03-14,0.000110409856,0.0028923105,12.315133,44.962227,4.471003e-05,0.089621305
534,2019-03-15,6.998991e-06,0.0011074702,18.290323,51.19595,2.648993e-07,0.17565425
535,2019-03-18,1.5348562e-05,0.00012528375,25.00766,97.56821,2.6133324e-07,0.14542937
536,2019-03-19,5.8525304e-05,0.002177638,12.409387,42.92965,3.9543477e-07,0.10599545
537,2019-03-20,2.423376e-05,0.0007171507,27.844414,83.6549,1.8816975e-07,0.09023703
538,2019-03-21,2.980824e-05,0.003334264,14.500183,50.03367,7.784654e-06,0.12376417
539,2019-03-22,2.8495551e-05,0.003161935,26.770334,48.084873,5.8150017e-06,0.0929263
540,2019-03-25,4.408722e-05,0.0026338005,16.008398,48.415123,-5.038168e-07,0.079597965
541,2019-03-26,3.0143917e-06,0.0019123972,21.286238,90.858665,8.2186386e-07,0.095964774
542,2019-03-27,1.8612047e-05,0.0005305047,25.832249,76.897194,7.0098536e-09,0.14412367
543,2019-03-28,0.0004946659,0.0021919638,8.330969,70.18148,1.1604724e-06,0.10973983
544,2019-03-29,0.00016082975,0.015129887,8.174831,48.69979,4.4095224e-05,0.11920656
545,2019-04-01,0.00012560742,0.0034032564,11.697456,48.950127,3.9970723e-06,0.087199844
546,2019-04-02,9.201995e-05,0.004114952,10.910183,58.721497,5.2296427e-06,0.09593159
547,2019-04-03,9.565205e-05,0.0017812602,17.476316,55.000397,7.1849518e-06,0.1239829
548,2019-04-04,4.1172018e-05,0.0011518172,21.217691,71.87883,7.5001077e-07,0.14381261
549,2019-04-08,4.4468612e-05,0.00081859017,15.113087,42.04879,1.5090042e-06,0.10063609
550,2019-04-09,8.04658e-05,0.001908899,16.268938,66.81134,4.486699e-06,0.13697863
551,2019-04-10,0.000169686,0.0059464043,7.5485263,43.294155,3.450972e-05,0.114854366
552,2019-04-11,0.0010797427,0.005395296,6.1667457,29.037504,3.1473748e-05,0.13378367
553,2019-04-12,0.0006505322,0.020093665,6.0257406,46.03811,0.00024947102,0.23730595
554,2019-04-15,1.3755753e-05,0.0012458016,17.384459,61.1902,4.154452e-06,0.17619354
555,2019-04-16,5.047434e-05,0.0022293928,26.283892,47.00376,1.2254052e-06,0.17800578
556,2019-04-17,0.00016749513,0.00080227584,30.750584,77.479126,3.4602837e-07,0.05268809
557,2019-04-18,2.0666905e-05,0.0015685465,17.179262,64.74385,2.858513e-08,0.20378795
558,2019-04-19,3.4531855e-05,0.0010445374,19.67286,55.058475,3.419546e-06,0.11504887
559,2019-04-22,0.0001503747,0.011453794,5.823325,40.73339,5.7406185e-05,0.15288687
560,2019-04-23,1.6831782e-05,0.001564872,17.229025,56.381477,1.5058494e-07,0.04619252
561,2019-04-24,2.599065e-05,0.00041512158,24.95143,48.11802,3.424908e-07,0.12445255
562,2019-04-25,0.00011190458,0.0017995925,12.555378,51.0505,4.291678e-07,0.12947948
563,2019-04-26,0.00011173815,0.0037432304,23.106855,47.905437,7.540639e-07,0.1135758
564,2019-04-29,0.00039652578,0.010828598,5.397906,50.423126,0.00014383826,0.22971603
565,2019-04-30,0.00016994213,0.0023112828,11.471251,34.920933,5.4076836e-06,0.11376549
566,2019-05-06,0.0004147247,0.007019645,9.704727,54.8513,2.3916962e-05,0.33300543
567,2019-05-07,0.00035634465,0.002774117,8.8924055,52.330753,2.8146469e-05,0.15508907
568,2019-05-08,0.00016200052,0.0032934526,10.213139,59.28459,3.044521e-06,0.1886855
569,2019-05-09,3.0306013e-05,0.0005484845,24.647802,72.39294,6.1191065e-07,0.08871256
570,2019-05-10,0.00066434883,0.0118344175,4.5938873,52.470604,0.00056507025,0.22800262
571,2019-05-13,0.00062987686,0.007165839,5.8236914,64.35514,3.059939e-05,0.1508219
572,2019-05-14,6.676806e-05,0.0011745325,11.744511,96.045555,1.6350193e-06,0.10676444
573,2019-05-15,0.00022999119,0.0065058228,7.405421,35.905994,1.0648363e-05,0.14722446
574,2019-05-16,9.789192e-06,0.00044192828,23.213158,58.024414,5.475857e-08,0.122829124
575,2019-05-17,1.3982135e-05,0.0001613435,34.640263,72.50838,7.902461e-08,0.081130914
576,2019-05-20,5.7453002e-05,0.0011842459,20.050169,82.53879,8.802083e-06,0.11381983
577,2019-05-21,0.0002966658,0.00060289825,17.94966,43.156948,3.8708444e-07,0.046984993
578,2019-05-22,6.871437e-05,0.0015606632,9.413044,54.569702,2.9028731e-06,0.108390905
579,2019-05-23,4.353804e-05,0.0011806265,12.726856,72.516624,-1.0154702e-06,0.16376597
580,2019-05-24,1.5554482e-05,0.000565011,17.374922,89.88398,1.6974283e-07,0.10775852
581,2019-05-27,0.00019373208,0.00025473742,18.01213,80.134636,4.5257912e-07,0.12318909
582,2019-05-28,8.113216e-05,0.000948898,9.145284,47.450844,1.3608619e-05,0.07448301
583,2019-05-29,2.2389417e-05,0.003170473,15.064283,53.555107,4.0779496e-06,0.058818627
584,2019-05-30,5.049259e-06,0.002037295,20.657228,54.07433,1.036918e-06,0.08427156
585,2019-05-31,4.564632e-05,0.0005346253,16.459091,76.47636,9.333787e-07,0.08006381
586,2019-06-03,0.00028151096,0.006055169,9.745313,49.984245,2.6210319e-05,0.2139397
587,2019-06-04,5.9215294e-05,0.0029183459,10.213182,46.94195,2.2499891e-05,0.12142486
588,2019-06-05,3.854942e-05,0.0007892448,21.41818,81.7495,2.9753198e-07,0.12067009
589,2019-06-06,0.00022368126,0.0017120453,7.2478375,60.71035,2.1209523e-06,0.10840626
590,2019-06-10,0.0002670301,0.0011241476,7.6219654,55.15104,1.8816418e-06,0.19467399
591,2019-06-11,0.0002721686,0.0028627522,14.667633,101.6775,2.77367e-06,0.31540906
592,2019-06-12,6.509582e-05,0.0015552004,19.85419,74.476105,5.314271e-06,0.1564589
593,2019-06-13,2.2380196e-05,0.0009348929,14.52595,44.826042,2.7276587e-07,0.03540303
594,2019-06-14,1.26597315e-05,0.0008831525,16.485287,72.227066,5.1148504e-06,0.12380117
595,2019-06-17,0.0006484109,0.0025871925,10.298285,55.808716,4.705344e-06,0.09520063
596,2019-06-18,9.436237e-06,0.00042821077,25.673733,71.095436,2.5414775e-07,0.1793115
597,2019-06-19,0.0002188603,0.004563103,14.242536,54.129192,6.9779653e-06,0.2058386
598,2019-06-20,8.022453e-05,0.00069540564,17.069902,51.882633,4.2596166e-06,0.16605505
599,2019-06-21,4.181825e-05,0.0011991145,11.287883,68.00045,8.831926e-06,0.15520333
600,2019-06-24,4.6143537e-06,0.00040533254,16.512642,71.84432,7.091964e-07,0.16998987
601,2019-06-25,7.8709476e-05,0.0051579187,8.493648,67.5849,8.04466e-06,0.23514695
602,2019-06-26,7.4155864e-06,0.00012822676,20.576273,79.90609,7.396885e-08,0.07064241
603,2019-06-27,4.9656952e-05,0.0007546417,29.021286,41.068623,2.6536702e-06,0.060379967
604,2019-06-28,0.00011109025,0.0010340376,31.419233,59.520744,-1.5246778e-08,0.05871939
605,2019-07-01,1.5646465e-06,9.5090596e-05,45.89852,66.30976,4.0318596e-08,0.050671045
606,2019-07-02,-3.5327383e-05,0.0028525388,16.245752,51.65484,3.7520547e-06,0.15631686
607,2019-07-03,3.2592492e-05,0.0036359308,17.660429,42.113834,7.5743405e-06,0.13044512
608,2019-07-04,5.4318418e-05,0.004310459,10.344429,52.89066,1.9578263e-05,0.24546796
609,2019-07-05,7.865603e-05,0.0046242997,13.110288,48.75262,1.1481032e-05,0.1762386
610,2019-07-08,5.6674602e-05,0.0007835798,10.895054,56.496246,2.1447622e-06,0.118800685
611,2019-07-09,0.00032871406,0.0060824687,8.21526,81.66151,4.1549098e-05,0.28456882
612,2019-07-10,3.548021e-05,0.00097644044,41.27139,75.19495,7.507683e-08,0.08924723
613,2019-07-11,0.0003150783,0.002400884,19.862705,76.64652,5.2740593e-06,0.087872066
614,2019-07-12,0.0003716667,0.008361057,13.174337,49.379814,5.5283777e-05,0.25775415
615,2019-07-15,0.00015748004,0.0009423057,29.023607,55.158276,1.1065697e-08,0.122330226
616,2019-07-16,3.689688e-05,0.003028336,18.051252,64.787766,2.1839911e-08,0.1890802
617,2019-07-17,0.00035420907,0.0034224524,16.527771,72.14933,6.296723e-06,0.20130397
618,2019-07-18,8.956483e-05,0.0015430939,24.164473,61.240585,6.716572e-07,0.07515538
619,2019-07-19,9.731684e-07,0.0009049455,21.713448,78.11563,1.3890704e-07,0.12677887
620,2019-07-22,2.9662706e-05,0.00047307773,15.984199,66.76905,-8.484592e-07,0.11952438
621,2019-07-23,9.497737e-06,0.0008666877,21.959036,92.38732,1.3351928e-07,0.18859097
622,2019-07-24,3.854649e-05,0.0003601552,43.23482,56.667213,4.4035895e-07,0.036515616
623,2019-07-25,8.074191e-05,0.0013373134,15.541729,70.27821,5.5877435e-06,0.2084951
624,2019-07-26,1.0498439e-05,0.0006293534,22.026197,91.7123,5.611681e-07,0.061549705
625,2019-07-29,2.335406e-05,0.00027528557,29.673086,75.45578,1.1206966e-07,0.08471427
626,2019-07-30,0.00014012714,0.0026611984,13.228148,44.35354,2.8716182e-05,0.20160554
627,2019-07-31,3.1293769e-06,0.0015280504,20.193207,46.418255,1.5568219e-06,0.104986906
628,2019-08-01,4.2654476e-05,0.00076274865,17.54568,49.172478,8.545452e-06,0.16464315
629,2019-08-02,1.3353081e-05,0.00021911389,28.148932,91.85168,3.6209478e-08,0.19355954
630,2019-08-05,5.8250014e-05,0.0008830834,13.96982,47.76127,8.530328e-06,0.10106427
631,2019-08-06,0.00036210575,0.0020695922,10.14785,55.23056,7.675976e-06,0.1294272
632,2019-08-07,4.553066e-05,0.0009118123,26.140846,61.010376,1.1791442e-06,0.16720238
633,2019-08-08,4.129004e-05,0.00069410226,25.057526,62.722736,4.130867e-06,0.16579671
634,2019-08-09,4.2777803e-05,0.00071249367,39.29111,63.196033,9.278256e-07,0.10572787
635,2019-08-12,1.04559995e-05,0.0009268093,18.773367,77.93362,3.975195e-07,0.13619724
636,2019-08-13,2.2523674e-05,0.0002148759,36.10938,83.95633,4.754408e-07,0.1646087
637,2019-08-14,0.00017444184,0.0015833862,19.968159,61.168232,2.2997007e-07,0.29264492
638,2019-08-15,0.00015781661,0.0038620473,10.358093,48.996235,1.1340612e-05,0.23196381
639,2019-08-16,0.000112137364,0.0007147272,25.512365,87.04002,3.9961915e-07,0.12113289
640,2019-08-19,1.9628671e-05,0.0007346328,23.825006,80.153534,6.629191e-08,0.11715837
641,2019-08-20,3.930096e-05,0.00045708977,32.658733,51.305557,1.8252192e-07,0.10756785
642,2019-08-21,5.0520546e-05,0.004944047,17.004446,54.412563,3.0549102e-06,0.11047632
643,2019-08-22,0.00028818884,0.00074511254,14.539682,52.608593,-1.0405984e-06,0.10505433
644,2019-08-23,2.0567102e-05,0.0069025857,5.4458947,29.946552,5.1792264e-05,0.19541946
645,2019-08-26,2.018485e-05,0.0013944262,28.213614,55.37738,5.1835315e-07,0.10604888
646,2019-08-27,3.0705138e-05,0.0020202799,16.334053,89.56487,1.4280003e-07,0.09835382
647,2019-08-28,0.00017663503,0.01718455,6.740983,35.924488,7.9459816e-05,0.3641167
648,2019-08-29,2.293726e-05,9.3925286e-05,37.14545,72.08355,9.058206e-08,0.050074216
649,2019-08-30,0.00021579073,0.038584847,5.164316,31.562023,0.0009848272,0.36621293
650,2019-09-02,7.787609e-05,0.002819784,7.161618,64.56633,7.2147795e-06,0.3264956
651,2019-09-03,2.359461e-05,0.0014112097,24.149523,94.82691,-3.2679275e-09,0.10074491
652,2019-09-04,9.167137e-06,0.0011193741,26.983181,72.45654,4.6704706e-08,0.11269242
653,2019-09-05,7.955366e-05,0.0021841044,18.171556,61.225082,3.6334033e-05,0.14847173
654,2019-09-06,0.00035040904,0.0022183594,15.180489,69.63943,1.9458616e-06,0.10181761
655,2019-09-09,0.00014178244,0.0011456413,15.198556,88.60644,1.3872133e-06,0.18113299
656,2019-09-10,4.7927555e-05,0.0038730148,14.828629,37.39044,1.2034296e-05,0.16263552
657,2019-09-11,0.00049531425,0.0033505089,7.6548963,72.22077,9.971288e-06,0.1615877
658,2019-09-12,0.00028705783,0.0075014755,12.866596,58.021507,1.1592882e-06,0.09142593
659,2019-09-16,4.6246623e-05,0.0005442781,34.04781,96.34195,-5.7308163e-09,0.07872214
660,2019-09-17,3.5013705e-05,0.0006332932,24.88926,72.490746,-2.8666725e-09,0.06539772
661,2019-09-18,0.00021988981,0.0049574086,6.437251,55.379406,-3.2948122e-08,0.11890372
662,2019-09-19,0.00023090736,0.008212294,9.932125,38.427914,6.796422e-05,0.135658
663,2019-09-20,4.2321712e-06,0.004165146,13.413359,67.875885,1.1307068e-06,0.21280627
664,2019-09-23,2.487082e-05,0.0022945167,21.54367,59.977207,3.1164611e-06,0.04644772
665,2019-09-24,6.275239e-05,0.0015996391,20.022268,74.15513,1.0020143e-06,0.19358456
666,2019-09-25,0.00012582456,0.0008122292,18.675795,56.17334,1.467508e-06,0.05742436
667,2019-09-26,0.000106830834,0.0010478424,18.147709,62.758904,5.807052e-06,0.14532273
668,2019-09-27,2.4538418e-05,0.0046594106,7.8577414,69.236015,5.4558354e-06,0.22204453
669,2019-09-30,2.217226e-05,0.0004727713,35.925434,65.103455,5.194942e-09,0.09824742
670,2019-10-08,2.3278757e-05,0.0003924989,16.860332,87.4546,4.0733764e-07,0.15869944
671,2019-10-09,3.5388995e-05,0.0006453911,32.880096,65.84403,4.1417195e-07,0.23585247
672,2019-10-10,0.00011900616,0.00053672417,22.373823,60.827564,1.2241022e-06,0.1903553
673,2019-10-11,3.4624034e-05,0.0009089458,10.7537775,63.129128,1.7990449e-06,0.17732075
674,2019-10-14,8.54497e-05,0.000637334,22.958185,42.45911,2.1567294e-05,0.07505955
675,2019-10-15,9.0713365e-05,0.0005835687,17.190088,83.60761,8.7796174e-08,0.16123003
676,2019-10-16,2.7616139e-05,0.0007995285,34.743416,57.63168,3.244475e-07,0.17502224
677,2019-10-17,2.0208237e-05,0.006222939,9.42554,55.467724,1.1872901e-05,0.22830923
678,2019-10-18,2.7159484e-05,0.0002209187,49.897736,54.977955,6.810812e-11,0.04818719
679,2019-10-21,0.00012904791,0.0007539017,16.378294,70.373116,1.1865639e-08,0.25775105
680,2019-10-22,4.169157e-05,0.0046795793,13.419039,79.55341,1.7032623e-06,0.20529018
681,2019-10-23,4.8547892e-05,0.0005473306,43.089973,59.091393,7.548262e-10,0.06253022
682,2019-10-24,4.0280036e-05,0.004145627,12.038773,75.93444,6.4512096e-07,0.15914056
683,2019-10-25,2.8927181e-05,0.00047015768,39.148643,54.764214,-1.2996733e-08,0.11794291
684,2019-10-28,0.0002455054,0.0025416,16.34927,38.187096,3.204297e-06,0.13556184
685,2019-10-29,0.00019664217,0.0038495865,8.611392,51.955112,3.892931e-06,0.1584478
686,2019-10-30,1.3447416e-05,0.0051709567,13.497661,54.662388,7.2154103e-06,0.19047274
687,2019-10-31,7.832935e-05,0.00048164203,23.868837,55.136818,4.672077e-08,0.06099322
688,2019-11-01,2.4286424e-05,0.0013644998,13.676471,66.970276,5.0716938e-08,0.08226307
689,2019-11-04,0.00012628094,0.010858618,8.988449,54.107346,2.5126288e-05,0.32816076
690,2019-11-05,9.682412e-06,0.00041443427,31.002523,41.252914,-1.8837435e-11,0.08283576
691,2019-11-06,2.438978e-06,0.00035699687,42.866158,63.57547,5.5249927e-08,0.068630405
692,2019-11-07,4.6834477e-05,0.0009389656,31.241573,59.886143,1.9001871e-07,0.08841684
693,2019-11-08,0.00014086516,0.006191662,18.856783,52.15419,1.8845708e-06,0.17402974
694,2019-11-11,0.0001033502,0.000553944,19.384258,97.895454,1.8955207e-07,0.20597948
695,2019-11-12,4.686968e-05,0.002501811,16.010319,81.80351,1.450111e-08,0.13912883
696,2019-11-13,5.080572e-05,0.0009743566,19.63697,82.413216,1.42543e-07,0.09675776
697,2019-11-14,7.8582365e-05,0.0014298792,20.40495,50.104824,8.070454e-07,0.14630005
698,2019-11-15,2.1449554e-05,0.0012390605,34.218857,70.26823,1.5434195e-07,0.13540499
699,2019-11-18,0.0004452611,0.010394869,4.1944327,50.30483,6.752976e-05,0.2800646
700,2019-11-19,1.4615505e-05,0.0017723037,25.718729,65.2956,-1.2101931e-07,0.13267471
701,2019-11-20,7.137094e-05,0.0051290607,22.465868,55.29963,1.2282679e-06,0.086497605
702,2019-11-21,1.6875127e-05,0.001479471,15.869698,38.128532,1.3567728e-07,0.073605664
703,2019-11-22,0.00039685954,0.0019673158,16.746082,78.05454,5.0117404e-07,0.05828672
704,2019-11-25,0.0007787506,0.02151937,12.5916195,36.578102,1.9156449e-05,0.1494705
705,2019-11-26,5.4380904e-05,0.0017909848,15.49595,51.797333,2.1324986e-07,0.061203796
706,2019-11-27,0.00043059498,0.0330588,5.695543,43.281975,7.7459714e-05,0.18447028
707,2019-11-28,0.0002720804,0.0097355405,10.019007,46.71866,4.891912e-06,0.17649023
708,2019-11-29,3.9056187e-05,0.0009179521,23.398485,75.63663,3.5110286e-08,0.070484065
709,2019-12-02,7.4659406e-06,0.0007114036,29.946709,62.569397,6.37549e-07,0.11230241
710,2019-12-03,0.00010677693,0.0046706544,12.05073,50.543663,3.94535e-05,0.12927859
711,2019-12-04,7.195477e-05,0.0017682496,23.569988,59.17932,5.475945e-07,0.11978547
712,2019-12-05,9.440062e-05,0.003415147,12.032771,59.56223,3.3036924e-06,0.18058613
713,2019-12-06,0.0002220921,0.0037150595,21.911207,54.350063,4.177385e-06,0.120388545
714,2019-12-09,0.00038588257,0.009256262,6.0121126,36.739876,6.720157e-06,0.23407127
715,2019-12-10,0.00032765657,0.019280111,6.0969954,45.791035,0.00013052588,0.18891808
716,2019-12-11,1.5515385e-05,0.0032624193,10.061662,55.195244,1.6967406e-06,0.13249259
717,2019-12-12,1.5411277e-05,0.0023190405,19.44763,72.498215,1.1869965e-06,0.13734655
718,2019-12-13,0.0013512688,0.01881331,6.490316,45.702606,1.8978622e-05,0.22796059
719,2019-12-16,0.00015951076,0.0026373493,26.779556,46.39935,-1.2976757e-08,0.08245527
720,2019-12-17,7.1014816e-05,0.007930413,13.80541,69.89239,1.4298732e-07,0.18584298
721,2019-12-18,0.00011675312,0.00316758,13.032296,67.00004,1.278846e-06,0.10662929
722,2019-12-19,2.5695676e-05,0.0013181573,32.582073,70.664986,1.15825415e-07,0.07678412
723,2019-12-20,7.668879e-05,0.0033518262,14.431341,85.95133,2.40642e-07,0.14123331
724,2019-12-23,1.8751423e-05,0.002192381,9.696738,43.94024,8.9001634e-07,0.06347553
725,2019-12-24,0.00075216626,0.0029511843,7.790339,80.13629,1.2012095e-05,0.2995652
726,2019-12-25,0.00018906977,0.0060232156,10.79998,72.43381,2.700964e-05,0.14175175
727,2019-12-26,4.1869618e-05,0.006400031,5.555311,51.225246,1.048966e-05,0.06806562
728,2019-12-27,9.428067e-05,0.0078118066,8.236701,42.74354,4.981744e-06,0.17881389
729,2019-12-30,3.5701248e-06,0.002255159,16.502241,45.158016,1.3236139e-06,0.09384314
