_id,date,1y,year,month,day,hour,minute,second
5ff1c946c380bd31923cc612,2019-11-20,4.15,2019,11,20,0,0,0
5ff1c946c380bd31923cc613,2019-10-21,4.2,2019,10,21,0,0,0
5ff1c946c380bd31923cc614,2019-09-20,4.2,2019,9,20,0,0,0
5ff1c946c380bd31923cc615,2019-08-20,4.25,2019,8,20,0,0,0
5ff1c946c380bd31923cc616,2019-08-16,4.31,2019,8,16,0,0,0
5ff1c946c380bd31923cc617,2019-08-15,4.31,2019,8,15,0,0,0
5ff1c946c380bd31923cc618,2019-08-14,4.31,2019,8,14,0,0,0
5ff1c946c380bd31923cc619,2019-08-13,4.31,2019,8,13,0,0,0
5ff1c946c380bd31923cc61a,2019-08-12,4.31,2019,8,12,0,0,0
5ff1c946c380bd31923cc61b,2019-08-09,4.31,2019,8,9,0,0,0
5ff1c946c380bd31923cc61c,2019-08-08,4.31,2019,8,8,0,0,0
5ff1c946c380bd31923cc61d,2019-08-07,4.31,2019,8,7,0,0,0
5ff1c946c380bd31923cc61e,2019-08-06,4.31,2019,8,6,0,0,0
5ff1c946c380bd31923cc61f,2019-08-05,4.31,2019,8,5,0,0,0
5ff1c946c380bd31923cc620,2019-08-02,4.31,2019,8,2,0,0,0
5ff1c946c380bd31923cc621,2019-08-01,4.31,2019,8,1,0,0,0
5ff1c946c380bd31923cc622,2019-07-31,4.31,2019,7,31,0,0,0
5ff1c946c380bd31923cc623,2019-07-30,4.31,2019,7,30,0,0,0
5ff1c946c380bd31923cc624,2019-07-29,4.31,2019,7,29,0,0,0
5ff1c946c380bd31923cc625,2019-07-26,4.31,2019,7,26,0,0,0
5ff1c946c380bd31923cc626,2019-07-25,4.31,2019,7,25,0,0,0
5ff1c946c380bd31923cc627,2019-07-24,4.31,2019,7,24,0,0,0
5ff1c946c380bd31923cc628,2019-07-23,4.31,2019,7,23,0,0,0
5ff1c946c380bd31923cc629,2019-07-22,4.31,2019,7,22,0,0,0
5ff1c946c380bd31923cc62a,2019-07-19,4.31,2019,7,19,0,0,0
5ff1c946c380bd31923cc62b,2019-07-18,4.31,2019,7,18,0,0,0
5ff1c946c380bd31923cc62c,2019-07-17,4.31,2019,7,17,0,0,0
5ff1c946c380bd31923cc62d,2019-07-16,4.31,2019,7,16,0,0,0
5ff1c946c380bd31923cc62e,2019-07-15,4.31,2019,7,15,0,0,0
5ff1c946c380bd31923cc62f,2019-07-12,4.31,2019,7,12,0,0,0
5ff1c946c380bd31923cc630,2019-07-11,4.31,2019,7,11,0,0,0
5ff1c946c380bd31923cc631,2019-07-10,4.31,2019,7,10,0,0,0
5ff1c946c380bd31923cc632,2019-07-09,4.31,2019,7,9,0,0,0
5ff1c946c380bd31923cc633,2019-07-08,4.31,2019,7,8,0,0,0
5ff1c946c380bd31923cc634,2019-07-05,4.31,2019,7,5,0,0,0
5ff1c946c380bd31923cc635,2019-07-04,4.31,2019,7,4,0,0,0
5ff1c946c380bd31923cc636,2019-07-03,4.31,2019,7,3,0,0,0
5ff1c946c380bd31923cc637,2019-07-02,4.31,2019,7,2,0,0,0
5ff1c946c380bd31923cc638,2019-07-01,4.31,2019,7,1,0,0,0
5ff1c946c380bd31923cc639,2019-06-28,4.31,2019,6,28,0,0,0
5ff1c946c380bd31923cc63a,2019-06-27,4.31,2019,6,27,0,0,0
5ff1c946c380bd31923cc63b,2019-06-26,4.31,2019,6,26,0,0,0
5ff1c946c380bd31923cc63c,2019-06-25,4.31,2019,6,25,0,0,0
5ff1c946c380bd31923cc63d,2019-06-24,4.31,2019,6,24,0,0,0
5ff1c946c380bd31923cc63e,2019-06-21,4.31,2019,6,21,0,0,0
5ff1c946c380bd31923cc63f,2019-06-20,4.31,2019,6,20,0,0,0
5ff1c946c380bd31923cc640,2019-06-19,4.31,2019,6,19,0,0,0
5ff1c946c380bd31923cc641,2019-06-18,4.31,2019,6,18,0,0,0
5ff1c946c380bd31923cc642,2019-06-17,4.31,2019,6,17,0,0,0
5ff1c946c380bd31923cc643,2019-06-14,4.31,2019,6,14,0,0,0
5ff1c946c380bd31923cc644,2019-06-13,4.31,2019,6,13,0,0,0
5ff1c946c380bd31923cc645,2019-06-12,4.31,2019,6,12,0,0,0
5ff1c946c380bd31923cc646,2019-06-11,4.31,2019,6,11,0,0,0
5ff1c946c380bd31923cc647,2019-06-10,4.31,2019,6,10,0,0,0
5ff1c946c380bd31923cc648,2019-06-06,4.31,2019,6,6,0,0,0
5ff1c946c380bd31923cc649,2019-06-05,4.31,2019,6,5,0,0,0
5ff1c946c380bd31923cc64a,2019-06-04,4.31,2019,6,4,0,0,0
5ff1c946c380bd31923cc64b,2019-06-03,4.31,2019,6,3,0,0,0
5ff1c946c380bd31923cc64c,2019-05-31,4.31,2019,5,31,0,0,0
5ff1c946c380bd31923cc64d,2019-05-30,4.31,2019,5,30,0,0,0
5ff1c946c380bd31923cc64e,2019-05-29,4.31,2019,5,29,0,0,0
5ff1c946c380bd31923cc64f,2019-05-28,4.31,2019,5,28,0,0,0
5ff1c946c380bd31923cc650,2019-05-27,4.31,2019,5,27,0,0,0
5ff1c946c380bd31923cc651,2019-05-24,4.31,2019,5,24,0,0,0
5ff1c946c380bd31923cc652,2019-05-23,4.31,2019,5,23,0,0,0
5ff1c946c380bd31923cc653,2019-05-22,4.31,2019,5,22,0,0,0
5ff1c946c380bd31923cc654,2019-05-21,4.31,2019,5,21,0,0,0
5ff1c946c380bd31923cc655,2019-05-20,4.31,2019,5,20,0,0,0
5ff1c946c380bd31923cc656,2019-05-17,4.31,2019,5,17,0,0,0
5ff1c946c380bd31923cc657,2019-05-16,4.31,2019,5,16,0,0,0
5ff1c946c380bd31923cc658,2019-05-15,4.31,2019,5,15,0,0,0
5ff1c946c380bd31923cc659,2019-05-14,4.31,2019,5,14,0,0,0
5ff1c946c380bd31923cc65a,2019-05-13,4.31,2019,5,13,0,0,0
5ff1c946c380bd31923cc65b,2019-05-10,4.31,2019,5,10,0,0,0
5ff1c946c380bd31923cc65c,2019-05-09,4.31,2019,5,9,0,0,0
5ff1c946c380bd31923cc65d,2019-05-08,4.31,2019,5,8,0,0,0
5ff1c946c380bd31923cc65e,2019-05-07,4.31,2019,5,7,0,0,0
5ff1c946c380bd31923cc65f,2019-05-06,4.31,2019,5,6,0,0,0
5ff1c946c380bd31923cc660,2019-04-30,4.31,2019,4,30,0,0,0
5ff1c946c380bd31923cc661,2019-04-29,4.31,2019,4,29,0,0,0
5ff1c946c380bd31923cc662,2019-04-26,4.31,2019,4,26,0,0,0
5ff1c946c380bd31923cc663,2019-04-25,4.31,2019,4,25,0,0,0
5ff1c946c380bd31923cc664,2019-04-24,4.31,2019,4,24,0,0,0
5ff1c946c380bd31923cc665,2019-04-23,4.31,2019,4,23,0,0,0
5ff1c946c380bd31923cc666,2019-04-22,4.31,2019,4,22,0,0,0
5ff1c946c380bd31923cc667,2019-04-19,4.31,2019,4,19,0,0,0
5ff1c946c380bd31923cc668,2019-04-18,4.31,2019,4,18,0,0,0
5ff1c946c380bd31923cc669,2019-04-17,4.31,2019,4,17,0,0,0
5ff1c946c380bd31923cc66a,2019-04-16,4.31,2019,4,16,0,0,0
5ff1c946c380bd31923cc66b,2019-04-15,4.31,2019,4,15,0,0,0
5ff1c946c380bd31923cc66c,2019-04-12,4.31,2019,4,12,0,0,0
5ff1c946c380bd31923cc66d,2019-04-11,4.31,2019,4,11,0,0,0
5ff1c946c380bd31923cc66e,2019-04-10,4.31,2019,4,10,0,0,0
5ff1c946c380bd31923cc66f,2019-04-09,4.31,2019,4,9,0,0,0
5ff1c946c380bd31923cc670,2019-04-08,4.31,2019,4,8,0,0,0
5ff1c946c380bd31923cc671,2019-04-04,4.31,2019,4,4,0,0,0
5ff1c946c380bd31923cc672,2019-04-03,4.31,2019,4,3,0,0,0
5ff1c946c380bd31923cc673,2019-04-02,4.31,2019,4,2,0,0,0
5ff1c946c380bd31923cc674,2019-04-01,4.31,2019,4,1,0,0,0
5ff1c946c380bd31923cc675,2019-03-29,4.31,2019,3,29,0,0,0
5ff1c946c380bd31923cc676,2019-03-28,4.31,2019,3,28,0,0,0
5ff1c946c380bd31923cc677,2019-03-27,4.31,2019,3,27,0,0,0
5ff1c946c380bd31923cc678,2019-03-26,4.31,2019,3,26,0,0,0
5ff1c946c380bd31923cc679,2019-03-25,4.31,2019,3,25,0,0,0
5ff1c946c380bd31923cc67a,2019-03-22,4.31,2019,3,22,0,0,0
5ff1c946c380bd31923cc67b,2019-03-21,4.31,2019,3,21,0,0,0
5ff1c946c380bd31923cc67c,2019-03-20,4.31,2019,3,20,0,0,0
5ff1c946c380bd31923cc67d,2019-03-19,4.31,2019,3,19,0,0,0
5ff1c946c380bd31923cc67e,2019-03-18,4.31,2019,3,18,0,0,0
5ff1c946c380bd31923cc67f,2019-03-15,4.31,2019,3,15,0,0,0
5ff1c946c380bd31923cc680,2019-03-14,4.31,2019,3,14,0,0,0
5ff1c946c380bd31923cc681,2019-03-13,4.31,2019,3,13,0,0,0
5ff1c946c380bd31923cc682,2019-03-12,4.31,2019,3,12,0,0,0
5ff1c946c380bd31923cc683,2019-03-11,4.31,2019,3,11,0,0,0
5ff1c946c380bd31923cc684,2019-03-08,4.31,2019,3,8,0,0,0
5ff1c946c380bd31923cc685,2019-03-07,4.31,2019,3,7,0,0,0
5ff1c946c380bd31923cc686,2019-03-06,4.31,2019,3,6,0,0,0
5ff1c946c380bd31923cc687,2019-03-05,4.31,2019,3,5,0,0,0
5ff1c946c380bd31923cc688,2019-03-04,4.31,2019,3,4,0,0,0
5ff1c946c380bd31923cc689,2019-03-01,4.31,2019,3,1,0,0,0
5ff1c946c380bd31923cc68a,2019-02-28,4.31,2019,2,28,0,0,0
5ff1c946c380bd31923cc68b,2019-02-27,4.31,2019,2,27,0,0,0
5ff1c946c380bd31923cc68c,2019-02-26,4.31,2019,2,26,0,0,0
5ff1c946c380bd31923cc68d,2019-02-25,4.31,2019,2,25,0,0,0
5ff1c946c380bd31923cc68e,2019-02-22,4.31,2019,2,22,0,0,0
5ff1c946c380bd31923cc68f,2019-02-21,4.31,2019,2,21,0,0,0
5ff1c946c380bd31923cc690,2019-02-20,4.31,2019,2,20,0,0,0
5ff1c946c380bd31923cc691,2019-02-19,4.31,2019,2,19,0,0,0
5ff1c946c380bd31923cc692,2019-02-18,4.31,2019,2,18,0,0,0
5ff1c946c380bd31923cc693,2019-02-15,4.31,2019,2,15,0,0,0
5ff1c946c380bd31923cc694,2019-02-14,4.31,2019,2,14,0,0,0
5ff1c946c380bd31923cc695,2019-02-13,4.31,2019,2,13,0,0,0
5ff1c946c380bd31923cc696,2019-02-12,4.31,2019,2,12,0,0,0
5ff1c946c380bd31923cc697,2019-02-11,4.31,2019,2,11,0,0,0
5ff1c946c380bd31923cc698,2019-02-01,4.31,2019,2,1,0,0,0
5ff1c946c380bd31923cc699,2019-01-31,4.31,2019,1,31,0,0,0
5ff1c946c380bd31923cc69a,2019-01-30,4.31,2019,1,30,0,0,0
5ff1c946c380bd31923cc69b,2019-01-29,4.31,2019,1,29,0,0,0
5ff1c946c380bd31923cc69c,2019-01-28,4.31,2019,1,28,0,0,0
5ff1c946c380bd31923cc69d,2019-01-25,4.31,2019,1,25,0,0,0
5ff1c946c380bd31923cc69e,2019-01-24,4.31,2019,1,24,0,0,0
5ff1c946c380bd31923cc69f,2019-01-23,4.31,2019,1,23,0,0,0
5ff1c946c380bd31923cc6a0,2019-01-22,4.31,2019,1,22,0,0,0
5ff1c946c380bd31923cc6a1,2019-01-21,4.31,2019,1,21,0,0,0
5ff1c946c380bd31923cc6a2,2019-01-18,4.31,2019,1,18,0,0,0
5ff1c946c380bd31923cc6a3,2019-01-17,4.31,2019,1,17,0,0,0
5ff1c946c380bd31923cc6a4,2019-01-16,4.31,2019,1,16,0,0,0
5ff1c946c380bd31923cc6a5,2019-01-15,4.31,2019,1,15,0,0,0
5ff1c946c380bd31923cc6a6,2019-01-14,4.31,2019,1,14,0,0,0
5ff1c946c380bd31923cc6a7,2019-01-11,4.31,2019,1,11,0,0,0
5ff1c946c380bd31923cc6a8,2019-01-10,4.31,2019,1,10,0,0,0
5ff1c946c380bd31923cc6a9,2019-01-09,4.31,2019,1,9,0,0,0
5ff1c946c380bd31923cc6aa,2019-01-08,4.31,2019,1,8,0,0,0
5ff1c946c380bd31923cc6ab,2019-01-07,4.31,2019,1,7,0,0,0
5ff1c946c380bd31923cc6ac,2019-01-04,4.31,2019,1,4,0,0,0
5ff1c946c380bd31923cc6ad,2019-01-03,4.31,2019,1,3,0,0,0
5ff1c946c380bd31923cc6ae,2019-01-02,4.31,2019,1,2,0,0,0
5ff1c946c380bd31923cc6af,2018-12-28,4.31,2018,12,28,0,0,0
5ff1c946c380bd31923cc6b0,2018-12-27,4.31,2018,12,27,0,0,0
5ff1c946c380bd31923cc6b1,2018-12-26,4.31,2018,12,26,0,0,0
5ff1c946c380bd31923cc6b2,2018-12-25,4.31,2018,12,25,0,0,0
5ff1c946c380bd31923cc6b3,2018-12-24,4.31,2018,12,24,0,0,0
5ff1c946c380bd31923cc6b4,2018-12-21,4.31,2018,12,21,0,0,0
5ff1c946c380bd31923cc6b5,2018-12-20,4.31,2018,12,20,0,0,0
5ff1c946c380bd31923cc6b6,2018-12-19,4.31,2018,12,19,0,0,0
5ff1c946c380bd31923cc6b7,2018-12-18,4.31,2018,12,18,0,0,0
5ff1c946c380bd31923cc6b8,2018-12-17,4.31,2018,12,17,0,0,0
5ff1c946c380bd31923cc6b9,2018-12-14,4.31,2018,12,14,0,0,0
5ff1c946c380bd31923cc6ba,2018-12-13,4.31,2018,12,13,0,0,0
5ff1c946c380bd31923cc6bb,2018-12-12,4.31,2018,12,12,0,0,0
5ff1c946c380bd31923cc6bc,2018-12-11,4.31,2018,12,11,0,0,0
5ff1c946c380bd31923cc6bd,2018-12-10,4.31,2018,12,10,0,0,0
5ff1c946c380bd31923cc6be,2018-12-07,4.31,2018,12,7,0,0,0
5ff1c946c380bd31923cc6bf,2018-12-06,4.31,2018,12,6,0,0,0
5ff1c946c380bd31923cc6c0,2018-12-05,4.31,2018,12,5,0,0,0
5ff1c946c380bd31923cc6c1,2018-12-04,4.31,2018,12,4,0,0,0
5ff1c946c380bd31923cc6c2,2018-12-03,4.31,2018,12,3,0,0,0
5ff1c946c380bd31923cc6c3,2018-11-30,4.31,2018,11,30,0,0,0
5ff1c946c380bd31923cc6c4,2018-11-29,4.31,2018,11,29,0,0,0
5ff1c946c380bd31923cc6c5,2018-11-28,4.31,2018,11,28,0,0,0
5ff1c946c380bd31923cc6c6,2018-11-27,4.31,2018,11,27,0,0,0
5ff1c946c380bd31923cc6c7,2018-11-26,4.31,2018,11,26,0,0,0
5ff1c946c380bd31923cc6c8,2018-11-23,4.31,2018,11,23,0,0,0
5ff1c946c380bd31923cc6c9,2018-11-22,4.31,2018,11,22,0,0,0
5ff1c946c380bd31923cc6ca,2018-11-21,4.31,2018,11,21,0,0,0
5ff1c946c380bd31923cc6cb,2018-11-20,4.31,2018,11,20,0,0,0
5ff1c946c380bd31923cc6cc,2018-11-19,4.31,2018,11,19,0,0,0
5ff1c946c380bd31923cc6cd,2018-11-16,4.31,2018,11,16,0,0,0
5ff1c946c380bd31923cc6ce,2018-11-15,4.31,2018,11,15,0,0,0
5ff1c946c380bd31923cc6cf,2018-11-14,4.31,2018,11,14,0,0,0
5ff1c946c380bd31923cc6d0,2018-11-13,4.31,2018,11,13,0,0,0
5ff1c946c380bd31923cc6d1,2018-11-12,4.31,2018,11,12,0,0,0
5ff1c946c380bd31923cc6d2,2018-11-09,4.31,2018,11,9,0,0,0
5ff1c946c380bd31923cc6d3,2018-11-08,4.31,2018,11,8,0,0,0
5ff1c946c380bd31923cc6d4,2018-11-07,4.31,2018,11,7,0,0,0
5ff1c946c380bd31923cc6d5,2018-11-06,4.31,2018,11,6,0,0,0
5ff1c946c380bd31923cc6d6,2018-11-05,4.31,2018,11,5,0,0,0
5ff1c946c380bd31923cc6d7,2018-11-02,4.31,2018,11,2,0,0,0
5ff1c946c380bd31923cc6d8,2018-11-01,4.31,2018,11,1,0,0,0
5ff1c946c380bd31923cc6d9,2018-10-31,4.31,2018,10,31,0,0,0
5ff1c946c380bd31923cc6da,2018-10-30,4.31,2018,10,30,0,0,0
5ff1c946c380bd31923cc6db,2018-10-29,4.31,2018,10,29,0,0,0
5ff1c946c380bd31923cc6dc,2018-10-26,4.31,2018,10,26,0,0,0
5ff1c946c380bd31923cc6dd,2018-10-25,4.31,2018,10,25,0,0,0
5ff1c946c380bd31923cc6de,2018-10-24,4.31,2018,10,24,0,0,0
5ff1c946c380bd31923cc6df,2018-10-23,4.31,2018,10,23,0,0,0
5ff1c946c380bd31923cc6e0,2018-10-22,4.31,2018,10,22,0,0,0
5ff1c946c380bd31923cc6e1,2018-10-19,4.31,2018,10,19,0,0,0
5ff1c946c380bd31923cc6e2,2018-10-18,4.31,2018,10,18,0,0,0
5ff1c946c380bd31923cc6e3,2018-10-17,4.31,2018,10,17,0,0,0
5ff1c946c380bd31923cc6e4,2018-10-16,4.31,2018,10,16,0,0,0
5ff1c946c380bd31923cc6e5,2018-10-15,4.31,2018,10,15,0,0,0
5ff1c946c380bd31923cc6e6,2018-10-12,4.31,2018,10,12,0,0,0
5ff1c946c380bd31923cc6e7,2018-10-11,4.31,2018,10,11,0,0,0
5ff1c946c380bd31923cc6e8,2018-10-10,4.31,2018,10,10,0,0,0
5ff1c946c380bd31923cc6e9,2018-10-09,4.31,2018,10,9,0,0,0
5ff1c946c380bd31923cc6ea,2018-10-08,4.31,2018,10,8,0,0,0
5ff1c946c380bd31923cc6eb,2018-09-30,4.31,2018,9,30,0,0,0
5ff1c946c380bd31923cc6ec,2018-09-29,4.31,2018,9,29,0,0,0
5ff1c946c380bd31923cc6ed,2018-09-28,4.31,2018,9,28,0,0,0
5ff1c946c380bd31923cc6ee,2018-09-27,4.31,2018,9,27,0,0,0
5ff1c946c380bd31923cc6ef,2018-09-26,4.31,2018,9,26,0,0,0
5ff1c946c380bd31923cc6f0,2018-09-25,4.31,2018,9,25,0,0,0
5ff1c946c380bd31923cc6f1,2018-09-21,4.31,2018,9,21,0,0,0
5ff1c946c380bd31923cc6f2,2018-09-20,4.31,2018,9,20,0,0,0
5ff1c946c380bd31923cc6f3,2018-09-19,4.31,2018,9,19,0,0,0
5ff1c946c380bd31923cc6f4,2018-09-18,4.31,2018,9,18,0,0,0
5ff1c946c380bd31923cc6f5,2018-09-17,4.31,2018,9,17,0,0,0
5ff1c946c380bd31923cc6f6,2018-09-14,4.31,2018,9,14,0,0,0
5ff1c946c380bd31923cc6f7,2018-09-13,4.31,2018,9,13,0,0,0
5ff1c946c380bd31923cc6f8,2018-09-12,4.31,2018,9,12,0,0,0
5ff1c946c380bd31923cc6f9,2018-09-11,4.31,2018,9,11,0,0,0
5ff1c946c380bd31923cc6fa,2018-09-10,4.31,2018,9,10,0,0,0
5ff1c946c380bd31923cc6fb,2018-09-07,4.31,2018,9,7,0,0,0
5ff1c946c380bd31923cc6fc,2018-09-06,4.31,2018,9,6,0,0,0
5ff1c946c380bd31923cc6fd,2018-09-05,4.31,2018,9,5,0,0,0
5ff1c946c380bd31923cc6fe,2018-09-04,4.31,2018,9,4,0,0,0
5ff1c946c380bd31923cc6ff,2018-09-03,4.31,2018,9,3,0,0,0
5ff1c946c380bd31923cc700,2018-08-31,4.31,2018,8,31,0,0,0
5ff1c946c380bd31923cc701,2018-08-30,4.31,2018,8,30,0,0,0
5ff1c946c380bd31923cc702,2018-08-29,4.31,2018,8,29,0,0,0
5ff1c946c380bd31923cc703,2018-08-28,4.31,2018,8,28,0,0,0
5ff1c946c380bd31923cc704,2018-08-27,4.31,2018,8,27,0,0,0
5ff1c946c380bd31923cc705,2018-08-24,4.31,2018,8,24,0,0,0
5ff1c946c380bd31923cc706,2018-08-23,4.31,2018,8,23,0,0,0
5ff1c946c380bd31923cc707,2018-08-22,4.31,2018,8,22,0,0,0
5ff1c946c380bd31923cc708,2018-08-21,4.31,2018,8,21,0,0,0
5ff1c946c380bd31923cc709,2018-08-20,4.31,2018,8,20,0,0,0
5ff1c946c380bd31923cc70a,2018-08-17,4.31,2018,8,17,0,0,0
5ff1c946c380bd31923cc70b,2018-08-16,4.31,2018,8,16,0,0,0
5ff1c946c380bd31923cc70c,2018-08-15,4.31,2018,8,15,0,0,0
5ff1c946c380bd31923cc70d,2018-08-14,4.31,2018,8,14,0,0,0
5ff1c946c380bd31923cc70e,2018-08-13,4.31,2018,8,13,0,0,0
5ff1c946c380bd31923cc70f,2018-08-10,4.31,2018,8,10,0,0,0
5ff1c946c380bd31923cc710,2018-08-09,4.31,2018,8,9,0,0,0
5ff1c946c380bd31923cc711,2018-08-08,4.31,2018,8,8,0,0,0
5ff1c946c380bd31923cc712,2018-08-07,4.31,2018,8,7,0,0,0
5ff1c946c380bd31923cc713,2018-08-06,4.31,2018,8,6,0,0,0
5ff1c946c380bd31923cc714,2018-08-03,4.31,2018,8,3,0,0,0
5ff1c946c380bd31923cc715,2018-08-02,4.31,2018,8,2,0,0,0
5ff1c946c380bd31923cc716,2018-08-01,4.31,2018,8,1,0,0,0
5ff1c946c380bd31923cc717,2018-07-31,4.31,2018,7,31,0,0,0
5ff1c946c380bd31923cc718,2018-07-30,4.31,2018,7,30,0,0,0
5ff1c946c380bd31923cc719,2018-07-27,4.31,2018,7,27,0,0,0
5ff1c946c380bd31923cc71a,2018-07-26,4.31,2018,7,26,0,0,0
5ff1c946c380bd31923cc71b,2018-07-25,4.31,2018,7,25,0,0,0
5ff1c946c380bd31923cc71c,2018-07-24,4.31,2018,7,24,0,0,0
5ff1c946c380bd31923cc71d,2018-07-23,4.31,2018,7,23,0,0,0
5ff1c946c380bd31923cc71e,2018-07-20,4.31,2018,7,20,0,0,0
5ff1c946c380bd31923cc71f,2018-07-19,4.31,2018,7,19,0,0,0
5ff1c946c380bd31923cc720,2018-07-18,4.31,2018,7,18,0,0,0
5ff1c946c380bd31923cc721,2018-07-17,4.31,2018,7,17,0,0,0
5ff1c946c380bd31923cc722,2018-07-16,4.31,2018,7,16,0,0,0
5ff1c946c380bd31923cc723,2018-07-13,4.31,2018,7,13,0,0,0
5ff1c946c380bd31923cc724,2018-07-12,4.31,2018,7,12,0,0,0
5ff1c946c380bd31923cc725,2018-07-11,4.31,2018,7,11,0,0,0
5ff1c946c380bd31923cc726,2018-07-10,4.31,2018,7,10,0,0,0
5ff1c946c380bd31923cc727,2018-07-09,4.31,2018,7,9,0,0,0
5ff1c946c380bd31923cc728,2018-07-06,4.31,2018,7,6,0,0,0
5ff1c946c380bd31923cc729,2018-07-05,4.31,2018,7,5,0,0,0
5ff1c946c380bd31923cc72a,2018-07-04,4.31,2018,7,4,0,0,0
5ff1c946c380bd31923cc72b,2018-07-03,4.31,2018,7,3,0,0,0
5ff1c946c380bd31923cc72c,2018-07-02,4.31,2018,7,2,0,0,0
5ff1c946c380bd31923cc72d,2018-06-29,4.31,2018,6,29,0,0,0
5ff1c946c380bd31923cc72e,2018-06-28,4.31,2018,6,28,0,0,0
5ff1c946c380bd31923cc72f,2018-06-27,4.31,2018,6,27,0,0,0
5ff1c946c380bd31923cc730,2018-06-26,4.31,2018,6,26,0,0,0
5ff1c946c380bd31923cc731,2018-06-25,4.31,2018,6,25,0,0,0
5ff1c946c380bd31923cc732,2018-06-22,4.31,2018,6,22,0,0,0
5ff1c946c380bd31923cc733,2018-06-21,4.31,2018,6,21,0,0,0
5ff1c946c380bd31923cc734,2018-06-20,4.31,2018,6,20,0,0,0
5ff1c946c380bd31923cc735,2018-06-19,4.31,2018,6,19,0,0,0
5ff1c946c380bd31923cc736,2018-06-15,4.31,2018,6,15,0,0,0
5ff1c946c380bd31923cc737,2018-06-14,4.31,2018,6,14,0,0,0
5ff1c946c380bd31923cc738,2018-06-13,4.31,2018,6,13,0,0,0
5ff1c946c380bd31923cc739,2018-06-12,4.31,2018,6,12,0,0,0
5ff1c946c380bd31923cc73a,2018-06-11,4.31,2018,6,11,0,0,0
5ff1c946c380bd31923cc73b,2018-06-08,4.31,2018,6,8,0,0,0
5ff1c946c380bd31923cc73c,2018-06-07,4.31,2018,6,7,0,0,0
5ff1c946c380bd31923cc73d,2018-06-06,4.31,2018,6,6,0,0,0
5ff1c946c380bd31923cc73e,2018-06-05,4.31,2018,6,5,0,0,0
5ff1c946c380bd31923cc73f,2018-06-04,4.31,2018,6,4,0,0,0
5ff1c946c380bd31923cc740,2018-06-01,4.31,2018,6,1,0,0,0
5ff1c946c380bd31923cc741,2018-05-31,4.31,2018,5,31,0,0,0
5ff1c946c380bd31923cc742,2018-05-30,4.31,2018,5,30,0,0,0
5ff1c946c380bd31923cc743,2018-05-29,4.31,2018,5,29,0,0,0
5ff1c946c380bd31923cc744,2018-05-28,4.31,2018,5,28,0,0,0
5ff1c946c380bd31923cc745,2018-05-25,4.31,2018,5,25,0,0,0
5ff1c946c380bd31923cc746,2018-05-24,4.31,2018,5,24,0,0,0
5ff1c946c380bd31923cc747,2018-05-23,4.31,2018,5,23,0,0,0
5ff1c946c380bd31923cc748,2018-05-22,4.31,2018,5,22,0,0,0
5ff1c946c380bd31923cc749,2018-05-21,4.31,2018,5,21,0,0,0
5ff1c946c380bd31923cc74a,2018-05-18,4.31,2018,5,18,0,0,0
5ff1c946c380bd31923cc74b,2018-05-17,4.31,2018,5,17,0,0,0
5ff1c946c380bd31923cc74c,2018-05-16,4.31,2018,5,16,0,0,0
5ff1c946c380bd31923cc74d,2018-05-15,4.31,2018,5,15,0,0,0
5ff1c946c380bd31923cc74e,2018-05-14,4.31,2018,5,14,0,0,0
5ff1c946c380bd31923cc74f,2018-05-11,4.31,2018,5,11,0,0,0
5ff1c946c380bd31923cc750,2018-05-10,4.31,2018,5,10,0,0,0
5ff1c946c380bd31923cc751,2018-05-09,4.31,2018,5,9,0,0,0
5ff1c946c380bd31923cc752,2018-05-08,4.31,2018,5,8,0,0,0
5ff1c946c380bd31923cc753,2018-05-07,4.31,2018,5,7,0,0,0
5ff1c946c380bd31923cc754,2018-05-04,4.31,2018,5,4,0,0,0
5ff1c946c380bd31923cc755,2018-05-03,4.31,2018,5,3,0,0,0
5ff1c946c380bd31923cc756,2018-05-02,4.31,2018,5,2,0,0,0
5ff1c946c380bd31923cc757,2018-04-28,4.31,2018,4,28,0,0,0
5ff1c946c380bd31923cc758,2018-04-27,4.31,2018,4,27,0,0,0
5ff1c946c380bd31923cc759,2018-04-26,4.31,2018,4,26,0,0,0
5ff1c946c380bd31923cc75a,2018-04-25,4.31,2018,4,25,0,0,0
5ff1c946c380bd31923cc75b,2018-04-24,4.31,2018,4,24,0,0,0
5ff1c946c380bd31923cc75c,2018-04-23,4.31,2018,4,23,0,0,0
5ff1c946c380bd31923cc75d,2018-04-20,4.31,2018,4,20,0,0,0
5ff1c946c380bd31923cc75e,2018-04-19,4.31,2018,4,19,0,0,0
5ff1c946c380bd31923cc75f,2018-04-18,4.31,2018,4,18,0,0,0
5ff1c946c380bd31923cc760,2018-04-17,4.31,2018,4,17,0,0,0
5ff1c946c380bd31923cc761,2018-04-16,4.31,2018,4,16,0,0,0
5ff1c946c380bd31923cc762,2018-04-13,4.31,2018,4,13,0,0,0
5ff1c946c380bd31923cc763,2018-04-12,4.31,2018,4,12,0,0,0
5ff1c946c380bd31923cc764,2018-04-11,4.31,2018,4,11,0,0,0
5ff1c946c380bd31923cc765,2018-04-10,4.31,2018,4,10,0,0,0
5ff1c946c380bd31923cc766,2018-04-09,4.31,2018,4,9,0,0,0
5ff1c946c380bd31923cc767,2018-04-08,4.31,2018,4,8,0,0,0
5ff1c946c380bd31923cc768,2018-04-04,4.3,2018,4,4,0,0,0
5ff1c946c380bd31923cc769,2018-04-03,4.3,2018,4,3,0,0,0
5ff1c946c380bd31923cc76a,2018-04-02,4.3,2018,4,2,0,0,0
5ff1c946c380bd31923cc76b,2018-03-30,4.3,2018,3,30,0,0,0
5ff1c946c380bd31923cc76c,2018-03-29,4.3,2018,3,29,0,0,0
5ff1c946c380bd31923cc76d,2018-03-28,4.3,2018,3,28,0,0,0
5ff1c946c380bd31923cc76e,2018-03-27,4.3,2018,3,27,0,0,0
5ff1c946c380bd31923cc76f,2018-03-26,4.3,2018,3,26,0,0,0
5ff1c946c380bd31923cc770,2018-03-23,4.3,2018,3,23,0,0,0
5ff1c946c380bd31923cc771,2018-03-22,4.3,2018,3,22,0,0,0
5ff1c946c380bd31923cc772,2018-03-21,4.3,2018,3,21,0,0,0
5ff1c946c380bd31923cc773,2018-03-20,4.3,2018,3,20,0,0,0
5ff1c946c380bd31923cc774,2018-03-19,4.3,2018,3,19,0,0,0
5ff1c946c380bd31923cc775,2018-03-16,4.3,2018,3,16,0,0,0
5ff1c946c380bd31923cc776,2018-03-15,4.3,2018,3,15,0,0,0
5ff1c946c380bd31923cc777,2018-03-14,4.3,2018,3,14,0,0,0
5ff1c946c380bd31923cc778,2018-03-13,4.3,2018,3,13,0,0,0
5ff1c946c380bd31923cc779,2018-03-12,4.3,2018,3,12,0,0,0
5ff1c946c380bd31923cc77a,2018-03-09,4.3,2018,3,9,0,0,0
5ff1c946c380bd31923cc77b,2018-03-08,4.3,2018,3,8,0,0,0
5ff1c946c380bd31923cc77c,2018-03-07,4.3,2018,3,7,0,0,0
5ff1c946c380bd31923cc77d,2018-03-06,4.3,2018,3,6,0,0,0
5ff1c946c380bd31923cc77e,2018-03-05,4.3,2018,3,5,0,0,0
5ff1c946c380bd31923cc77f,2018-03-02,4.3,2018,3,2,0,0,0
5ff1c946c380bd31923cc780,2018-03-01,4.3,2018,3,1,0,0,0
5ff1c946c380bd31923cc781,2018-02-28,4.3,2018,2,28,0,0,0
5ff1c946c380bd31923cc782,2018-02-27,4.3,2018,2,27,0,0,0
5ff1c946c380bd31923cc783,2018-02-26,4.3,2018,2,26,0,0,0
5ff1c946c380bd31923cc784,2018-02-24,4.3,2018,2,24,0,0,0
5ff1c946c380bd31923cc785,2018-02-23,4.3,2018,2,23,0,0,0
5ff1c946c380bd31923cc786,2018-02-22,4.3,2018,2,22,0,0,0
5ff1c946c380bd31923cc787,2018-02-14,4.3,2018,2,14,0,0,0
5ff1c946c380bd31923cc788,2018-02-13,4.3,2018,2,13,0,0,0
5ff1c946c380bd31923cc789,2018-02-12,4.3,2018,2,12,0,0,0
5ff1c946c380bd31923cc78a,2018-02-11,4.3,2018,2,11,0,0,0
5ff1c946c380bd31923cc78b,2018-02-09,4.3,2018,2,9,0,0,0
5ff1c946c380bd31923cc78c,2018-02-08,4.3,2018,2,8,0,0,0
5ff1c946c380bd31923cc78d,2018-02-07,4.3,2018,2,7,0,0,0
5ff1c946c380bd31923cc78e,2018-02-06,4.3,2018,2,6,0,0,0
5ff1c946c380bd31923cc78f,2018-02-05,4.3,2018,2,5,0,0,0
5ff1c946c380bd31923cc790,2018-02-02,4.3,2018,2,2,0,0,0
5ff1c946c380bd31923cc791,2018-02-01,4.3,2018,2,1,0,0,0
5ff1c946c380bd31923cc792,2018-01-31,4.3,2018,1,31,0,0,0
5ff1c946c380bd31923cc793,2018-01-30,4.3,2018,1,30,0,0,0
5ff1c946c380bd31923cc794,2018-01-29,4.3,2018,1,29,0,0,0
5ff1c946c380bd31923cc795,2018-01-26,4.3,2018,1,26,0,0,0
5ff1c946c380bd31923cc796,2018-01-25,4.3,2018,1,25,0,0,0
5ff1c946c380bd31923cc797,2018-01-24,4.3,2018,1,24,0,0,0
5ff1c946c380bd31923cc798,2018-01-23,4.3,2018,1,23,0,0,0
5ff1c946c380bd31923cc799,2018-01-22,4.3,2018,1,22,0,0,0
5ff1c946c380bd31923cc79a,2018-01-19,4.3,2018,1,19,0,0,0
5ff1c946c380bd31923cc79b,2018-01-18,4.3,2018,1,18,0,0,0
5ff1c946c380bd31923cc79c,2018-01-17,4.3,2018,1,17,0,0,0
5ff1c946c380bd31923cc79d,2018-01-16,4.3,2018,1,16,0,0,0
5ff1c946c380bd31923cc79e,2018-01-15,4.3,2018,1,15,0,0,0
5ff1c946c380bd31923cc79f,2018-01-12,4.3,2018,1,12,0,0,0
5ff1c946c380bd31923cc7a0,2018-01-11,4.3,2018,1,11,0,0,0
5ff1c946c380bd31923cc7a1,2018-01-10,4.3,2018,1,10,0,0,0
5ff1c946c380bd31923cc7a2,2018-01-09,4.3,2018,1,9,0,0,0
5ff1c946c380bd31923cc7a3,2018-01-08,4.3,2018,1,8,0,0,0
5ff1c946c380bd31923cc7a4,2018-01-05,4.3,2018,1,5,0,0,0
5ff1c946c380bd31923cc7a5,2018-01-04,4.3,2018,1,4,0,0,0
5ff1c946c380bd31923cc7a6,2018-01-03,4.3,2018,1,3,0,0,0
5ff1c946c380bd31923cc7a7,2018-01-02,4.3,2018,1,2,0,0,0
5ff1c946c380bd31923cc7a8,2017-12-29,4.3,2017,12,29,0,0,0
5ff1c946c380bd31923cc7a9,2017-12-28,4.3,2017,12,28,0,0,0
5ff1c946c380bd31923cc7aa,2017-12-27,4.3,2017,12,27,0,0,0
5ff1c946c380bd31923cc7ab,2017-12-26,4.3,2017,12,26,0,0,0
5ff1c946c380bd31923cc7ac,2017-12-25,4.3,2017,12,25,0,0,0
5ff1c946c380bd31923cc7ad,2017-12-22,4.3,2017,12,22,0,0,0
5ff1c946c380bd31923cc7ae,2017-12-21,4.3,2017,12,21,0,0,0
5ff1c946c380bd31923cc7af,2017-12-20,4.3,2017,12,20,0,0,0
5ff1c946c380bd31923cc7b0,2017-12-19,4.3,2017,12,19,0,0,0
5ff1c946c380bd31923cc7b1,2017-12-18,4.3,2017,12,18,0,0,0
5ff1c946c380bd31923cc7b2,2017-12-15,4.3,2017,12,15,0,0,0
5ff1c946c380bd31923cc7b3,2017-12-14,4.3,2017,12,14,0,0,0
5ff1c946c380bd31923cc7b4,2017-12-13,4.3,2017,12,13,0,0,0
5ff1c946c380bd31923cc7b5,2017-12-12,4.3,2017,12,12,0,0,0
5ff1c946c380bd31923cc7b6,2017-12-11,4.3,2017,12,11,0,0,0
5ff1c946c380bd31923cc7b7,2017-12-08,4.3,2017,12,8,0,0,0
5ff1c946c380bd31923cc7b8,2017-12-07,4.3,2017,12,7,0,0,0
5ff1c946c380bd31923cc7b9,2017-12-06,4.3,2017,12,6,0,0,0
5ff1c946c380bd31923cc7ba,2017-12-05,4.3,2017,12,5,0,0,0
5ff1c946c380bd31923cc7bb,2017-12-04,4.3,2017,12,4,0,0,0
5ff1c946c380bd31923cc7bc,2017-12-01,4.3,2017,12,1,0,0,0
5ff1c946c380bd31923cc7bd,2017-11-30,4.3,2017,11,30,0,0,0
5ff1c946c380bd31923cc7be,2017-11-29,4.3,2017,11,29,0,0,0
5ff1c946c380bd31923cc7bf,2017-11-28,4.3,2017,11,28,0,0,0
5ff1c946c380bd31923cc7c0,2017-11-27,4.3,2017,11,27,0,0,0
5ff1c946c380bd31923cc7c1,2017-11-24,4.3,2017,11,24,0,0,0
5ff1c946c380bd31923cc7c2,2017-11-23,4.3,2017,11,23,0,0,0
5ff1c946c380bd31923cc7c3,2017-11-22,4.3,2017,11,22,0,0,0
5ff1c946c380bd31923cc7c4,2017-11-21,4.3,2017,11,21,0,0,0
5ff1c946c380bd31923cc7c5,2017-11-20,4.3,2017,11,20,0,0,0
5ff1c946c380bd31923cc7c6,2017-11-17,4.3,2017,11,17,0,0,0
5ff1c946c380bd31923cc7c7,2017-11-16,4.3,2017,11,16,0,0,0
5ff1c946c380bd31923cc7c8,2017-11-15,4.3,2017,11,15,0,0,0
5ff1c946c380bd31923cc7c9,2017-11-14,4.3,2017,11,14,0,0,0
5ff1c946c380bd31923cc7ca,2017-11-13,4.3,2017,11,13,0,0,0
5ff1c946c380bd31923cc7cb,2017-11-10,4.3,2017,11,10,0,0,0
5ff1c946c380bd31923cc7cc,2017-11-09,4.3,2017,11,9,0,0,0
5ff1c946c380bd31923cc7cd,2017-11-08,4.3,2017,11,8,0,0,0
5ff1c946c380bd31923cc7ce,2017-11-07,4.3,2017,11,7,0,0,0
5ff1c946c380bd31923cc7cf,2017-11-06,4.3,2017,11,6,0,0,0
5ff1c946c380bd31923cc7d0,2017-11-03,4.3,2017,11,3,0,0,0
5ff1c946c380bd31923cc7d1,2017-11-02,4.3,2017,11,2,0,0,0
5ff1c946c380bd31923cc7d2,2017-11-01,4.3,2017,11,1,0,0,0
5ff1c946c380bd31923cc7d3,2017-10-31,4.3,2017,10,31,0,0,0
5ff1c946c380bd31923cc7d4,2017-10-30,4.3,2017,10,30,0,0,0
5ff1c946c380bd31923cc7d5,2017-10-27,4.3,2017,10,27,0,0,0
5ff1c946c380bd31923cc7d6,2017-10-26,4.3,2017,10,26,0,0,0
5ff1c946c380bd31923cc7d7,2017-10-25,4.3,2017,10,25,0,0,0
5ff1c946c380bd31923cc7d8,2017-10-24,4.3,2017,10,24,0,0,0
5ff1c946c380bd31923cc7d9,2017-10-23,4.3,2017,10,23,0,0,0
5ff1c946c380bd31923cc7da,2017-10-20,4.3,2017,10,20,0,0,0
5ff1c946c380bd31923cc7db,2017-10-19,4.3,2017,10,19,0,0,0
5ff1c946c380bd31923cc7dc,2017-10-18,4.3,2017,10,18,0,0,0
5ff1c946c380bd31923cc7dd,2017-10-17,4.3,2017,10,17,0,0,0
5ff1c946c380bd31923cc7de,2017-10-16,4.3,2017,10,16,0,0,0
5ff1c946c380bd31923cc7df,2017-10-13,4.3,2017,10,13,0,0,0
5ff1c946c380bd31923cc7e0,2017-10-12,4.3,2017,10,12,0,0,0
5ff1c946c380bd31923cc7e1,2017-10-11,4.3,2017,10,11,0,0,0
5ff1c946c380bd31923cc7e2,2017-10-10,4.3,2017,10,10,0,0,0
5ff1c946c380bd31923cc7e3,2017-10-09,4.3,2017,10,9,0,0,0
5ff1c946c380bd31923cc7e4,2017-09-30,4.3,2017,9,30,0,0,0
5ff1c946c380bd31923cc7e5,2017-09-29,4.3,2017,9,29,0,0,0
5ff1c946c380bd31923cc7e6,2017-09-28,4.3,2017,9,28,0,0,0
5ff1c946c380bd31923cc7e7,2017-09-27,4.3,2017,9,27,0,0,0
5ff1c946c380bd31923cc7e8,2017-09-26,4.3,2017,9,26,0,0,0
5ff1c946c380bd31923cc7e9,2017-09-25,4.3,2017,9,25,0,0,0
5ff1c946c380bd31923cc7ea,2017-09-22,4.3,2017,9,22,0,0,0
5ff1c946c380bd31923cc7eb,2017-09-21,4.3,2017,9,21,0,0,0
5ff1c946c380bd31923cc7ec,2017-09-20,4.3,2017,9,20,0,0,0
5ff1c946c380bd31923cc7ed,2017-09-19,4.3,2017,9,19,0,0,0
5ff1c946c380bd31923cc7ee,2017-09-18,4.3,2017,9,18,0,0,0
5ff1c946c380bd31923cc7ef,2017-09-15,4.3,2017,9,15,0,0,0
5ff1c946c380bd31923cc7f0,2017-09-14,4.3,2017,9,14,0,0,0
5ff1c946c380bd31923cc7f1,2017-09-13,4.3,2017,9,13,0,0,0
5ff1c946c380bd31923cc7f2,2017-09-12,4.3,2017,9,12,0,0,0
5ff1c946c380bd31923cc7f3,2017-09-11,4.3,2017,9,11,0,0,0
5ff1c946c380bd31923cc7f4,2017-09-08,4.3,2017,9,8,0,0,0
5ff1c946c380bd31923cc7f5,2017-09-07,4.3,2017,9,7,0,0,0
5ff1c946c380bd31923cc7f6,2017-09-06,4.3,2017,9,6,0,0,0
5ff1c946c380bd31923cc7f7,2017-09-05,4.3,2017,9,5,0,0,0
5ff1c946c380bd31923cc7f8,2017-09-04,4.3,2017,9,4,0,0,0
5ff1c946c380bd31923cc7f9,2017-09-01,4.3,2017,9,1,0,0,0
5ff1c946c380bd31923cc7fa,2017-08-31,4.3,2017,8,31,0,0,0
5ff1c946c380bd31923cc7fb,2017-08-30,4.3,2017,8,30,0,0,0
5ff1c946c380bd31923cc7fc,2017-08-29,4.3,2017,8,29,0,0,0
5ff1c946c380bd31923cc7fd,2017-08-28,4.3,2017,8,28,0,0,0
5ff1c946c380bd31923cc7fe,2017-08-25,4.3,2017,8,25,0,0,0
5ff1c946c380bd31923cc7ff,2017-08-24,4.3,2017,8,24,0,0,0
5ff1c946c380bd31923cc800,2017-08-23,4.3,2017,8,23,0,0,0
5ff1c946c380bd31923cc801,2017-08-22,4.3,2017,8,22,0,0,0
5ff1c946c380bd31923cc802,2017-08-21,4.3,2017,8,21,0,0,0
5ff1c946c380bd31923cc803,2017-08-18,4.3,2017,8,18,0,0,0
5ff1c946c380bd31923cc804,2017-08-17,4.3,2017,8,17,0,0,0
5ff1c946c380bd31923cc805,2017-08-16,4.3,2017,8,16,0,0,0
5ff1c946c380bd31923cc806,2017-08-15,4.3,2017,8,15,0,0,0
5ff1c946c380bd31923cc807,2017-08-14,4.3,2017,8,14,0,0,0
5ff1c946c380bd31923cc808,2017-08-11,4.3,2017,8,11,0,0,0
5ff1c946c380bd31923cc809,2017-08-10,4.3,2017,8,10,0,0,0
5ff1c946c380bd31923cc80a,2017-08-09,4.3,2017,8,9,0,0,0
5ff1c946c380bd31923cc80b,2017-08-08,4.3,2017,8,8,0,0,0
5ff1c946c380bd31923cc80c,2017-08-07,4.3,2017,8,7,0,0,0
5ff1c946c380bd31923cc80d,2017-08-04,4.3,2017,8,4,0,0,0
5ff1c946c380bd31923cc80e,2017-08-03,4.3,2017,8,3,0,0,0
5ff1c946c380bd31923cc80f,2017-08-02,4.3,2017,8,2,0,0,0
5ff1c946c380bd31923cc810,2017-08-01,4.3,2017,8,1,0,0,0
5ff1c946c380bd31923cc811,2017-07-31,4.3,2017,7,31,0,0,0
5ff1c946c380bd31923cc812,2017-07-28,4.3,2017,7,28,0,0,0
5ff1c946c380bd31923cc813,2017-07-27,4.3,2017,7,27,0,0,0
5ff1c946c380bd31923cc814,2017-07-26,4.3,2017,7,26,0,0,0
5ff1c946c380bd31923cc815,2017-07-25,4.3,2017,7,25,0,0,0
5ff1c946c380bd31923cc816,2017-07-24,4.3,2017,7,24,0,0,0
5ff1c946c380bd31923cc817,2017-07-21,4.3,2017,7,21,0,0,0
5ff1c946c380bd31923cc818,2017-07-20,4.3,2017,7,20,0,0,0
5ff1c946c380bd31923cc819,2017-07-19,4.3,2017,7,19,0,0,0
5ff1c946c380bd31923cc81a,2017-07-18,4.3,2017,7,18,0,0,0
5ff1c946c380bd31923cc81b,2017-07-17,4.3,2017,7,17,0,0,0
5ff1c946c380bd31923cc81c,2017-07-14,4.3,2017,7,14,0,0,0
5ff1c946c380bd31923cc81d,2017-07-13,4.3,2017,7,13,0,0,0
5ff1c946c380bd31923cc81e,2017-07-12,4.3,2017,7,12,0,0,0
5ff1c946c380bd31923cc81f,2017-07-11,4.3,2017,7,11,0,0,0
5ff1c946c380bd31923cc820,2017-07-10,4.3,2017,7,10,0,0,0
5ff1c946c380bd31923cc821,2017-07-07,4.3,2017,7,7,0,0,0
5ff1c946c380bd31923cc822,2017-07-06,4.3,2017,7,6,0,0,0
5ff1c946c380bd31923cc823,2017-07-05,4.3,2017,7,5,0,0,0
5ff1c946c380bd31923cc824,2017-07-04,4.3,2017,7,4,0,0,0
5ff1c946c380bd31923cc825,2017-07-03,4.3,2017,7,3,0,0,0
5ff1c946c380bd31923cc826,2017-06-30,4.3,2017,6,30,0,0,0
5ff1c946c380bd31923cc827,2017-06-29,4.3,2017,6,29,0,0,0
5ff1c946c380bd31923cc828,2017-06-28,4.3,2017,6,28,0,0,0
5ff1c946c380bd31923cc829,2017-06-27,4.3,2017,6,27,0,0,0
5ff1c946c380bd31923cc82a,2017-06-26,4.3,2017,6,26,0,0,0
5ff1c946c380bd31923cc82b,2017-06-23,4.3,2017,6,23,0,0,0
5ff1c946c380bd31923cc82c,2017-06-22,4.3,2017,6,22,0,0,0
5ff1c946c380bd31923cc82d,2017-06-21,4.3,2017,6,21,0,0,0
5ff1c946c380bd31923cc82e,2017-06-20,4.3,2017,6,20,0,0,0
5ff1c946c380bd31923cc82f,2017-06-19,4.3,2017,6,19,0,0,0
5ff1c946c380bd31923cc830,2017-06-16,4.3,2017,6,16,0,0,0
5ff1c946c380bd31923cc831,2017-06-15,4.3,2017,6,15,0,0,0
5ff1c946c380bd31923cc832,2017-06-14,4.3,2017,6,14,0,0,0
5ff1c946c380bd31923cc833,2017-06-13,4.3,2017,6,13,0,0,0
5ff1c946c380bd31923cc834,2017-06-12,4.3,2017,6,12,0,0,0
5ff1c946c380bd31923cc835,2017-06-09,4.3,2017,6,9,0,0,0
5ff1c946c380bd31923cc836,2017-06-08,4.3,2017,6,8,0,0,0
5ff1c946c380bd31923cc837,2017-06-07,4.3,2017,6,7,0,0,0
5ff1c946c380bd31923cc838,2017-06-06,4.3,2017,6,6,0,0,0
5ff1c946c380bd31923cc839,2017-06-05,4.3,2017,6,5,0,0,0
5ff1c946c380bd31923cc83a,2017-06-02,4.3,2017,6,2,0,0,0
5ff1c946c380bd31923cc83b,2017-06-01,4.3,2017,6,1,0,0,0
5ff1c946c380bd31923cc83c,2017-05-31,4.3,2017,5,31,0,0,0
5ff1c946c380bd31923cc83d,2017-05-27,4.3,2017,5,27,0,0,0
5ff1c946c380bd31923cc83e,2017-05-26,4.3,2017,5,26,0,0,0
5ff1c946c380bd31923cc83f,2017-05-25,4.3,2017,5,25,0,0,0
5ff1c946c380bd31923cc840,2017-05-24,4.3,2017,5,24,0,0,0
5ff1c946c380bd31923cc841,2017-05-23,4.3,2017,5,23,0,0,0
5ff1c946c380bd31923cc842,2017-05-22,4.3,2017,5,22,0,0,0
5ff1c946c380bd31923cc843,2017-05-19,4.3,2017,5,19,0,0,0
5ff1c946c380bd31923cc844,2017-05-18,4.3,2017,5,18,0,0,0
5ff1c946c380bd31923cc845,2017-05-17,4.3,2017,5,17,0,0,0
5ff1c946c380bd31923cc846,2017-05-16,4.3,2017,5,16,0,0,0
5ff1c946c380bd31923cc847,2017-05-15,4.3,2017,5,15,0,0,0
5ff1c946c380bd31923cc848,2017-05-12,4.3,2017,5,12,0,0,0
5ff1c946c380bd31923cc849,2017-05-11,4.3,2017,5,11,0,0,0
5ff1c946c380bd31923cc84a,2017-05-10,4.3,2017,5,10,0,0,0
5ff1c946c380bd31923cc84b,2017-05-09,4.3,2017,5,9,0,0,0
5ff1c946c380bd31923cc84c,2017-05-08,4.3,2017,5,8,0,0,0
5ff1c946c380bd31923cc84d,2017-05-05,4.3,2017,5,5,0,0,0
5ff1c946c380bd31923cc84e,2017-05-04,4.3,2017,5,4,0,0,0
5ff1c946c380bd31923cc84f,2017-05-03,4.3,2017,5,3,0,0,0
5ff1c946c380bd31923cc850,2017-05-02,4.3,2017,5,2,0,0,0
5ff1c946c380bd31923cc851,2017-04-28,4.3,2017,4,28,0,0,0
5ff1c946c380bd31923cc852,2017-04-27,4.3,2017,4,27,0,0,0
5ff1c946c380bd31923cc853,2017-04-26,4.3,2017,4,26,0,0,0
5ff1c946c380bd31923cc854,2017-04-25,4.3,2017,4,25,0,0,0
5ff1c946c380bd31923cc855,2017-04-24,4.3,2017,4,24,0,0,0
5ff1c946c380bd31923cc856,2017-04-21,4.3,2017,4,21,0,0,0
5ff1c946c380bd31923cc857,2017-04-20,4.3,2017,4,20,0,0,0
5ff1c946c380bd31923cc858,2017-04-19,4.3,2017,4,19,0,0,0
5ff1c946c380bd31923cc859,2017-04-18,4.3,2017,4,18,0,0,0
5ff1c946c380bd31923cc85a,2017-04-17,4.3,2017,4,17,0,0,0
5ff1c946c380bd31923cc85b,2017-04-14,4.3,2017,4,14,0,0,0
5ff1c946c380bd31923cc85c,2017-04-13,4.3,2017,4,13,0,0,0
5ff1c946c380bd31923cc85d,2017-04-12,4.3,2017,4,12,0,0,0
5ff1c946c380bd31923cc85e,2017-04-11,4.3,2017,4,11,0,0,0
5ff1c946c380bd31923cc85f,2017-04-10,4.3,2017,4,10,0,0,0
5ff1c946c380bd31923cc860,2017-04-07,4.3,2017,4,7,0,0,0
5ff1c946c380bd31923cc861,2017-04-06,4.3,2017,4,6,0,0,0
5ff1c946c380bd31923cc862,2017-04-05,4.3,2017,4,5,0,0,0
5ff1c946c380bd31923cc863,2017-04-01,4.3,2017,4,1,0,0,0
5ff1c946c380bd31923cc864,2017-03-31,4.3,2017,3,31,0,0,0
5ff1c946c380bd31923cc865,2017-03-30,4.3,2017,3,30,0,0,0
5ff1c946c380bd31923cc866,2017-03-29,4.3,2017,3,29,0,0,0
5ff1c946c380bd31923cc867,2017-03-28,4.3,2017,3,28,0,0,0
5ff1c946c380bd31923cc868,2017-03-27,4.3,2017,3,27,0,0,0
5ff1c946c380bd31923cc869,2017-03-24,4.3,2017,3,24,0,0,0
5ff1c946c380bd31923cc86a,2017-03-23,4.3,2017,3,23,0,0,0
5ff1c946c380bd31923cc86b,2017-03-22,4.3,2017,3,22,0,0,0
5ff1c946c380bd31923cc86c,2017-03-21,4.3,2017,3,21,0,0,0
5ff1c946c380bd31923cc86d,2017-03-20,4.3,2017,3,20,0,0,0
5ff1c946c380bd31923cc86e,2017-03-17,4.3,2017,3,17,0,0,0
5ff1c946c380bd31923cc86f,2017-03-16,4.3,2017,3,16,0,0,0
5ff1c946c380bd31923cc870,2017-03-15,4.3,2017,3,15,0,0,0
5ff1c946c380bd31923cc871,2017-03-14,4.3,2017,3,14,0,0,0
5ff1c946c380bd31923cc872,2017-03-13,4.3,2017,3,13,0,0,0
5ff1c946c380bd31923cc873,2017-03-10,4.3,2017,3,10,0,0,0
5ff1c946c380bd31923cc874,2017-03-09,4.3,2017,3,9,0,0,0
5ff1c946c380bd31923cc875,2017-03-08,4.3,2017,3,8,0,0,0
5ff1c946c380bd31923cc876,2017-03-07,4.3,2017,3,7,0,0,0
5ff1c946c380bd31923cc877,2017-03-06,4.3,2017,3,6,0,0,0
5ff1c946c380bd31923cc878,2017-03-03,4.3,2017,3,3,0,0,0
5ff1c946c380bd31923cc879,2017-03-02,4.3,2017,3,2,0,0,0
5ff1c946c380bd31923cc87a,2017-03-01,4.3,2017,3,1,0,0,0
5ff1c946c380bd31923cc87b,2017-02-28,4.3,2017,2,28,0,0,0
5ff1c946c380bd31923cc87c,2017-02-27,4.3,2017,2,27,0,0,0
5ff1c946c380bd31923cc87d,2017-02-24,4.3,2017,2,24,0,0,0
5ff1c946c380bd31923cc87e,2017-02-23,4.3,2017,2,23,0,0,0
5ff1c946c380bd31923cc87f,2017-02-22,4.3,2017,2,22,0,0,0
5ff1c946c380bd31923cc880,2017-02-21,4.3,2017,2,21,0,0,0
5ff1c946c380bd31923cc881,2017-02-20,4.3,2017,2,20,0,0,0
5ff1c946c380bd31923cc882,2017-02-17,4.3,2017,2,17,0,0,0
5ff1c946c380bd31923cc883,2017-02-16,4.3,2017,2,16,0,0,0
5ff1c946c380bd31923cc884,2017-02-15,4.3,2017,2,15,0,0,0
5ff1c946c380bd31923cc885,2017-02-14,4.3,2017,2,14,0,0,0
5ff1c946c380bd31923cc886,2017-02-13,4.3,2017,2,13,0,0,0
5ff1c946c380bd31923cc887,2017-02-10,4.3,2017,2,10,0,0,0
5ff1c946c380bd31923cc888,2017-02-09,4.3,2017,2,9,0,0,0
5ff1c946c380bd31923cc889,2017-02-08,4.3,2017,2,8,0,0,0
5ff1c946c380bd31923cc88a,2017-02-07,4.3,2017,2,7,0,0,0
5ff1c946c380bd31923cc88b,2017-02-06,4.3,2017,2,6,0,0,0
5ff1c946c380bd31923cc88c,2017-02-04,4.3,2017,2,4,0,0,0
5ff1c946c380bd31923cc88d,2017-02-03,4.3,2017,2,3,0,0,0
5ff1c946c380bd31923cc88e,2017-01-26,4.3,2017,1,26,0,0,0
5ff1c946c380bd31923cc88f,2017-01-25,4.3,2017,1,25,0,0,0
5ff1c946c380bd31923cc890,2017-01-24,4.3,2017,1,24,0,0,0
5ff1c946c380bd31923cc891,2017-01-23,4.3,2017,1,23,0,0,0
5ff1c946c380bd31923cc892,2017-01-22,4.3,2017,1,22,0,0,0
5ff1c946c380bd31923cc893,2017-01-20,4.3,2017,1,20,0,0,0
5ff1c946c380bd31923cc894,2017-01-19,4.3,2017,1,19,0,0,0
5ff1c946c380bd31923cc895,2017-01-18,4.3,2017,1,18,0,0,0
5ff1c946c380bd31923cc896,2017-01-17,4.3,2017,1,17,0,0,0
5ff1c946c380bd31923cc897,2017-01-16,4.3,2017,1,16,0,0,0
5ff1c946c380bd31923cc898,2017-01-13,4.3,2017,1,13,0,0,0
5ff1c946c380bd31923cc899,2017-01-12,4.3,2017,1,12,0,0,0
5ff1c946c380bd31923cc89a,2017-01-11,4.3,2017,1,11,0,0,0
5ff1c946c380bd31923cc89b,2017-01-10,4.3,2017,1,10,0,0,0
5ff1c946c380bd31923cc89c,2017-01-09,4.3,2017,1,9,0,0,0
5ff1c946c380bd31923cc89d,2017-01-06,4.3,2017,1,6,0,0,0
5ff1c946c380bd31923cc89e,2017-01-05,4.3,2017,1,5,0,0,0
5ff1c946c380bd31923cc89f,2017-01-04,4.3,2017,1,4,0,0,0
5ff1c946c380bd31923cc8a0,2017-01-03,4.3,2017,1,3,0,0,0
5ff1c946c380bd31923cc8a1,2016-12-30,4.3,2016,12,30,0,0,0
5ff1c946c380bd31923cc8a2,2016-12-29,4.3,2016,12,29,0,0,0
5ff1c946c380bd31923cc8a3,2016-12-28,4.3,2016,12,28,0,0,0
5ff1c946c380bd31923cc8a4,2016-12-27,4.3,2016,12,27,0,0,0
5ff1c946c380bd31923cc8a5,2016-12-26,4.3,2016,12,26,0,0,0
5ff1c946c380bd31923cc8a6,2016-12-23,4.3,2016,12,23,0,0,0
5ff1c946c380bd31923cc8a7,2016-12-22,4.3,2016,12,22,0,0,0
5ff1c946c380bd31923cc8a8,2016-12-21,4.3,2016,12,21,0,0,0
5ff1c946c380bd31923cc8a9,2016-12-20,4.3,2016,12,20,0,0,0
5ff1c946c380bd31923cc8aa,2016-12-19,4.3,2016,12,19,0,0,0
5ff1c946c380bd31923cc8ab,2016-12-16,4.3,2016,12,16,0,0,0
5ff1c946c380bd31923cc8ac,2016-12-15,4.3,2016,12,15,0,0,0
5ff1c946c380bd31923cc8ad,2016-12-14,4.3,2016,12,14,0,0,0
5ff1c946c380bd31923cc8ae,2016-12-13,4.3,2016,12,13,0,0,0
5ff1c946c380bd31923cc8af,2016-12-12,4.3,2016,12,12,0,0,0
5ff1c946c380bd31923cc8b0,2016-12-09,4.3,2016,12,9,0,0,0
5ff1c946c380bd31923cc8b1,2016-12-08,4.3,2016,12,8,0,0,0
5ff1c946c380bd31923cc8b2,2016-12-07,4.3,2016,12,7,0,0,0
5ff1c946c380bd31923cc8b3,2016-12-06,4.3,2016,12,6,0,0,0
5ff1c946c380bd31923cc8b4,2016-12-05,4.3,2016,12,5,0,0,0
5ff1c946c380bd31923cc8b5,2016-12-02,4.3,2016,12,2,0,0,0
5ff1c946c380bd31923cc8b6,2016-12-01,4.3,2016,12,1,0,0,0
5ff1c946c380bd31923cc8b7,2016-11-30,4.3,2016,11,30,0,0,0
5ff1c946c380bd31923cc8b8,2016-11-29,4.3,2016,11,29,0,0,0
5ff1c946c380bd31923cc8b9,2016-11-28,4.3,2016,11,28,0,0,0
5ff1c946c380bd31923cc8ba,2016-11-25,4.3,2016,11,25,0,0,0
5ff1c946c380bd31923cc8bb,2016-11-24,4.3,2016,11,24,0,0,0
5ff1c946c380bd31923cc8bc,2016-11-23,4.3,2016,11,23,0,0,0
5ff1c946c380bd31923cc8bd,2016-11-22,4.3,2016,11,22,0,0,0
5ff1c946c380bd31923cc8be,2016-11-21,4.3,2016,11,21,0,0,0
5ff1c946c380bd31923cc8bf,2016-11-18,4.3,2016,11,18,0,0,0
5ff1c946c380bd31923cc8c0,2016-11-17,4.3,2016,11,17,0,0,0
5ff1c946c380bd31923cc8c1,2016-11-16,4.3,2016,11,16,0,0,0
5ff1c946c380bd31923cc8c2,2016-11-15,4.3,2016,11,15,0,0,0
5ff1c946c380bd31923cc8c3,2016-11-14,4.3,2016,11,14,0,0,0
5ff1c946c380bd31923cc8c4,2016-11-11,4.3,2016,11,11,0,0,0
5ff1c946c380bd31923cc8c5,2016-11-10,4.3,2016,11,10,0,0,0
5ff1c946c380bd31923cc8c6,2016-11-09,4.3,2016,11,9,0,0,0
5ff1c946c380bd31923cc8c7,2016-11-08,4.3,2016,11,8,0,0,0
5ff1c946c380bd31923cc8c8,2016-11-07,4.3,2016,11,7,0,0,0
5ff1c946c380bd31923cc8c9,2016-11-04,4.3,2016,11,4,0,0,0
5ff1c946c380bd31923cc8ca,2016-11-03,4.3,2016,11,3,0,0,0
5ff1c946c380bd31923cc8cb,2016-11-02,4.3,2016,11,2,0,0,0
5ff1c946c380bd31923cc8cc,2016-11-01,4.3,2016,11,1,0,0,0
5ff1c946c380bd31923cc8cd,2016-10-31,4.3,2016,10,31,0,0,0
5ff1c946c380bd31923cc8ce,2016-10-28,4.3,2016,10,28,0,0,0
5ff1c946c380bd31923cc8cf,2016-10-27,4.3,2016,10,27,0,0,0
5ff1c946c380bd31923cc8d0,2016-10-26,4.3,2016,10,26,0,0,0
5ff1c946c380bd31923cc8d1,2016-10-25,4.3,2016,10,25,0,0,0
5ff1c946c380bd31923cc8d2,2016-10-24,4.3,2016,10,24,0,0,0
5ff1c946c380bd31923cc8d3,2016-10-21,4.3,2016,10,21,0,0,0
5ff1c946c380bd31923cc8d4,2016-10-20,4.3,2016,10,20,0,0,0
5ff1c946c380bd31923cc8d5,2016-10-19,4.3,2016,10,19,0,0,0
5ff1c946c380bd31923cc8d6,2016-10-18,4.3,2016,10,18,0,0,0
5ff1c946c380bd31923cc8d7,2016-10-17,4.3,2016,10,17,0,0,0
5ff1c946c380bd31923cc8d8,2016-10-14,4.3,2016,10,14,0,0,0
5ff1c946c380bd31923cc8d9,2016-10-13,4.3,2016,10,13,0,0,0
5ff1c946c380bd31923cc8da,2016-10-12,4.3,2016,10,12,0,0,0
5ff1c946c380bd31923cc8db,2016-10-11,4.3,2016,10,11,0,0,0
5ff1c946c380bd31923cc8dc,2016-10-10,4.3,2016,10,10,0,0,0
5ff1c946c380bd31923cc8dd,2016-10-09,4.3,2016,10,9,0,0,0
5ff1c946c380bd31923cc8de,2016-10-08,4.3,2016,10,8,0,0,0
5ff1c946c380bd31923cc8df,2016-09-30,4.3,2016,9,30,0,0,0
5ff1c946c380bd31923cc8e0,2016-09-29,4.3,2016,9,29,0,0,0
5ff1c946c380bd31923cc8e1,2016-09-28,4.3,2016,9,28,0,0,0
5ff1c946c380bd31923cc8e2,2016-09-27,4.3,2016,9,27,0,0,0
5ff1c946c380bd31923cc8e3,2016-09-26,4.3,2016,9,26,0,0,0
5ff1c946c380bd31923cc8e4,2016-09-23,4.3,2016,9,23,0,0,0
5ff1c946c380bd31923cc8e5,2016-09-22,4.3,2016,9,22,0,0,0
5ff1c946c380bd31923cc8e6,2016-09-21,4.3,2016,9,21,0,0,0
5ff1c946c380bd31923cc8e7,2016-09-20,4.3,2016,9,20,0,0,0
5ff1c946c380bd31923cc8e8,2016-09-19,4.3,2016,9,19,0,0,0
5ff1c946c380bd31923cc8e9,2016-09-18,4.3,2016,9,18,0,0,0
5ff1c946c380bd31923cc8ea,2016-09-14,4.3,2016,9,14,0,0,0
5ff1c946c380bd31923cc8eb,2016-09-13,4.3,2016,9,13,0,0,0
5ff1c946c380bd31923cc8ec,2016-09-12,4.3,2016,9,12,0,0,0
5ff1c946c380bd31923cc8ed,2016-09-09,4.3,2016,9,9,0,0,0
5ff1c946c380bd31923cc8ee,2016-09-08,4.3,2016,9,8,0,0,0
5ff1c946c380bd31923cc8ef,2016-09-07,4.3,2016,9,7,0,0,0
5ff1c946c380bd31923cc8f0,2016-09-06,4.3,2016,9,6,0,0,0
5ff1c946c380bd31923cc8f1,2016-09-05,4.3,2016,9,5,0,0,0
5ff1c946c380bd31923cc8f2,2016-09-02,4.3,2016,9,2,0,0,0
5ff1c946c380bd31923cc8f3,2016-09-01,4.3,2016,9,1,0,0,0
5ff1c946c380bd31923cc8f4,2016-08-31,4.3,2016,8,31,0,0,0
5ff1c946c380bd31923cc8f5,2016-08-30,4.3,2016,8,30,0,0,0
5ff1c946c380bd31923cc8f6,2016-08-29,4.3,2016,8,29,0,0,0
5ff1c946c380bd31923cc8f7,2016-08-26,4.3,2016,8,26,0,0,0
5ff1c946c380bd31923cc8f8,2016-08-25,4.3,2016,8,25,0,0,0
5ff1c946c380bd31923cc8f9,2016-08-24,4.3,2016,8,24,0,0,0
5ff1c946c380bd31923cc8fa,2016-08-23,4.3,2016,8,23,0,0,0
5ff1c946c380bd31923cc8fb,2016-08-22,4.3,2016,8,22,0,0,0
5ff1c946c380bd31923cc8fc,2016-08-19,4.3,2016,8,19,0,0,0
5ff1c946c380bd31923cc8fd,2016-08-18,4.3,2016,8,18,0,0,0
5ff1c946c380bd31923cc8fe,2016-08-17,4.3,2016,8,17,0,0,0
5ff1c946c380bd31923cc8ff,2016-08-16,4.3,2016,8,16,0,0,0
5ff1c946c380bd31923cc900,2016-08-15,4.3,2016,8,15,0,0,0
5ff1c946c380bd31923cc901,2016-08-12,4.3,2016,8,12,0,0,0
5ff1c946c380bd31923cc902,2016-08-11,4.3,2016,8,11,0,0,0
5ff1c946c380bd31923cc903,2016-08-10,4.3,2016,8,10,0,0,0
5ff1c946c380bd31923cc904,2016-08-09,4.3,2016,8,9,0,0,0
5ff1c946c380bd31923cc905,2016-08-08,4.3,2016,8,8,0,0,0
5ff1c946c380bd31923cc906,2016-08-05,4.3,2016,8,5,0,0,0
5ff1c946c380bd31923cc907,2016-08-04,4.3,2016,8,4,0,0,0
5ff1c946c380bd31923cc908,2016-08-03,4.3,2016,8,3,0,0,0
5ff1c946c380bd31923cc909,2016-08-02,4.3,2016,8,2,0,0,0
5ff1c946c380bd31923cc90a,2016-08-01,4.3,2016,8,1,0,0,0
5ff1c946c380bd31923cc90b,2016-07-29,4.3,2016,7,29,0,0,0
5ff1c946c380bd31923cc90c,2016-07-28,4.3,2016,7,28,0,0,0
5ff1c946c380bd31923cc90d,2016-07-27,4.3,2016,7,27,0,0,0
5ff1c946c380bd31923cc90e,2016-07-26,4.3,2016,7,26,0,0,0
5ff1c946c380bd31923cc90f,2016-07-25,4.3,2016,7,25,0,0,0
5ff1c946c380bd31923cc910,2016-07-22,4.3,2016,7,22,0,0,0
5ff1c946c380bd31923cc911,2016-07-21,4.3,2016,7,21,0,0,0
5ff1c946c380bd31923cc912,2016-07-20,4.3,2016,7,20,0,0,0
5ff1c946c380bd31923cc913,2016-07-19,4.3,2016,7,19,0,0,0
5ff1c946c380bd31923cc914,2016-07-18,4.3,2016,7,18,0,0,0
5ff1c946c380bd31923cc915,2016-07-15,4.3,2016,7,15,0,0,0
5ff1c946c380bd31923cc916,2016-07-14,4.3,2016,7,14,0,0,0
5ff1c946c380bd31923cc917,2016-07-13,4.3,2016,7,13,0,0,0
5ff1c946c380bd31923cc918,2016-07-12,4.3,2016,7,12,0,0,0
5ff1c946c380bd31923cc919,2016-07-11,4.3,2016,7,11,0,0,0
5ff1c946c380bd31923cc91a,2016-07-08,4.3,2016,7,8,0,0,0
5ff1c946c380bd31923cc91b,2016-07-07,4.3,2016,7,7,0,0,0
5ff1c946c380bd31923cc91c,2016-07-06,4.3,2016,7,6,0,0,0
5ff1c946c380bd31923cc91d,2016-07-05,4.3,2016,7,5,0,0,0
5ff1c946c380bd31923cc91e,2016-07-04,4.3,2016,7,4,0,0,0
5ff1c946c380bd31923cc91f,2016-07-01,4.3,2016,7,1,0,0,0
5ff1c946c380bd31923cc920,2016-06-30,4.3,2016,6,30,0,0,0
5ff1c946c380bd31923cc921,2016-06-29,4.3,2016,6,29,0,0,0
5ff1c946c380bd31923cc922,2016-06-28,4.3,2016,6,28,0,0,0
5ff1c946c380bd31923cc923,2016-06-27,4.3,2016,6,27,0,0,0
5ff1c946c380bd31923cc924,2016-06-24,4.3,2016,6,24,0,0,0
5ff1c946c380bd31923cc925,2016-06-23,4.3,2016,6,23,0,0,0
5ff1c946c380bd31923cc926,2016-06-22,4.3,2016,6,22,0,0,0
5ff1c946c380bd31923cc927,2016-06-21,4.3,2016,6,21,0,0,0
5ff1c946c380bd31923cc928,2016-06-20,4.3,2016,6,20,0,0,0
5ff1c946c380bd31923cc929,2016-06-17,4.3,2016,6,17,0,0,0
5ff1c946c380bd31923cc92a,2016-06-16,4.3,2016,6,16,0,0,0
5ff1c946c380bd31923cc92b,2016-06-15,4.3,2016,6,15,0,0,0
5ff1c946c380bd31923cc92c,2016-06-14,4.3,2016,6,14,0,0,0
5ff1c946c380bd31923cc92d,2016-06-13,4.3,2016,6,13,0,0,0
5ff1c946c380bd31923cc92e,2016-06-12,4.3,2016,6,12,0,0,0
5ff1c946c380bd31923cc92f,2016-06-08,4.3,2016,6,8,0,0,0
5ff1c946c380bd31923cc930,2016-06-07,4.3,2016,6,7,0,0,0
5ff1c946c380bd31923cc931,2016-06-06,4.3,2016,6,6,0,0,0
5ff1c946c380bd31923cc932,2016-06-03,4.3,2016,6,3,0,0,0
5ff1c946c380bd31923cc933,2016-06-02,4.3,2016,6,2,0,0,0
5ff1c946c380bd31923cc934,2016-06-01,4.3,2016,6,1,0,0,0
5ff1c946c380bd31923cc935,2016-05-31,4.3,2016,5,31,0,0,0
5ff1c946c380bd31923cc936,2016-05-30,4.3,2016,5,30,0,0,0
5ff1c946c380bd31923cc937,2016-05-27,4.3,2016,5,27,0,0,0
5ff1c946c380bd31923cc938,2016-05-26,4.3,2016,5,26,0,0,0
5ff1c946c380bd31923cc939,2016-05-25,4.3,2016,5,25,0,0,0
5ff1c946c380bd31923cc93a,2016-05-24,4.3,2016,5,24,0,0,0
5ff1c946c380bd31923cc93b,2016-05-23,4.3,2016,5,23,0,0,0
5ff1c946c380bd31923cc93c,2016-05-20,4.3,2016,5,20,0,0,0
5ff1c946c380bd31923cc93d,2016-05-19,4.3,2016,5,19,0,0,0
5ff1c946c380bd31923cc93e,2016-05-18,4.3,2016,5,18,0,0,0
5ff1c946c380bd31923cc93f,2016-05-17,4.3,2016,5,17,0,0,0
5ff1c946c380bd31923cc940,2016-05-16,4.3,2016,5,16,0,0,0
5ff1c946c380bd31923cc941,2016-05-13,4.3,2016,5,13,0,0,0
5ff1c946c380bd31923cc942,2016-05-12,4.3,2016,5,12,0,0,0
5ff1c946c380bd31923cc943,2016-05-11,4.3,2016,5,11,0,0,0
5ff1c946c380bd31923cc944,2016-05-10,4.3,2016,5,10,0,0,0
5ff1c946c380bd31923cc945,2016-05-09,4.3,2016,5,9,0,0,0
5ff1c946c380bd31923cc946,2016-05-06,4.3,2016,5,6,0,0,0
5ff1c946c380bd31923cc947,2016-05-05,4.3,2016,5,5,0,0,0
5ff1c946c380bd31923cc948,2016-05-04,4.3,2016,5,4,0,0,0
5ff1c946c380bd31923cc949,2016-05-03,4.3,2016,5,3,0,0,0
5ff1c946c380bd31923cc94a,2016-04-29,4.3,2016,4,29,0,0,0
5ff1c946c380bd31923cc94b,2016-04-28,4.3,2016,4,28,0,0,0
5ff1c946c380bd31923cc94c,2016-04-27,4.3,2016,4,27,0,0,0
5ff1c946c380bd31923cc94d,2016-04-26,4.3,2016,4,26,0,0,0
5ff1c946c380bd31923cc94e,2016-04-25,4.3,2016,4,25,0,0,0
5ff1c946c380bd31923cc94f,2016-04-22,4.3,2016,4,22,0,0,0
5ff1c946c380bd31923cc950,2016-04-21,4.3,2016,4,21,0,0,0
5ff1c946c380bd31923cc951,2016-04-20,4.3,2016,4,20,0,0,0
5ff1c946c380bd31923cc952,2016-04-19,4.3,2016,4,19,0,0,0
5ff1c946c380bd31923cc953,2016-04-18,4.3,2016,4,18,0,0,0
5ff1c946c380bd31923cc954,2016-04-15,4.3,2016,4,15,0,0,0
5ff1c946c380bd31923cc955,2016-04-14,4.3,2016,4,14,0,0,0
5ff1c946c380bd31923cc956,2016-04-13,4.3,2016,4,13,0,0,0
5ff1c946c380bd31923cc957,2016-04-12,4.3,2016,4,12,0,0,0
5ff1c946c380bd31923cc958,2016-04-11,4.3,2016,4,11,0,0,0
5ff1c946c380bd31923cc959,2016-04-08,4.3,2016,4,8,0,0,0
5ff1c946c380bd31923cc95a,2016-04-07,4.3,2016,4,7,0,0,0
5ff1c946c380bd31923cc95b,2016-04-06,4.3,2016,4,6,0,0,0
5ff1c946c380bd31923cc95c,2016-04-05,4.3,2016,4,5,0,0,0
5ff1c946c380bd31923cc95d,2016-04-01,4.3,2016,4,1,0,0,0
5ff1c946c380bd31923cc95e,2016-03-31,4.3,2016,3,31,0,0,0
5ff1c946c380bd31923cc95f,2016-03-30,4.3,2016,3,30,0,0,0
5ff1c946c380bd31923cc960,2016-03-29,4.3,2016,3,29,0,0,0
5ff1c946c380bd31923cc961,2016-03-28,4.3,2016,3,28,0,0,0
5ff1c946c380bd31923cc962,2016-03-25,4.3,2016,3,25,0,0,0
5ff1c946c380bd31923cc963,2016-03-24,4.3,2016,3,24,0,0,0
5ff1c946c380bd31923cc964,2016-03-23,4.3,2016,3,23,0,0,0
5ff1c946c380bd31923cc965,2016-03-22,4.3,2016,3,22,0,0,0
5ff1c946c380bd31923cc966,2016-03-21,4.3,2016,3,21,0,0,0
5ff1c946c380bd31923cc967,2016-03-18,4.3,2016,3,18,0,0,0
5ff1c946c380bd31923cc968,2016-03-17,4.3,2016,3,17,0,0,0
5ff1c946c380bd31923cc969,2016-03-16,4.3,2016,3,16,0,0,0
5ff1c946c380bd31923cc96a,2016-03-15,4.3,2016,3,15,0,0,0
5ff1c946c380bd31923cc96b,2016-03-14,4.3,2016,3,14,0,0,0
5ff1c946c380bd31923cc96c,2016-03-11,4.3,2016,3,11,0,0,0
5ff1c946c380bd31923cc96d,2016-03-10,4.3,2016,3,10,0,0,0
5ff1c946c380bd31923cc96e,2016-03-09,4.3,2016,3,9,0,0,0
5ff1c946c380bd31923cc96f,2016-03-08,4.3,2016,3,8,0,0,0
5ff1c946c380bd31923cc970,2016-03-07,4.3,2016,3,7,0,0,0
5ff1c946c380bd31923cc971,2016-03-04,4.3,2016,3,4,0,0,0
5ff1c946c380bd31923cc972,2016-03-03,4.3,2016,3,3,0,0,0
5ff1c946c380bd31923cc973,2016-03-02,4.3,2016,3,2,0,0,0
5ff1c946c380bd31923cc974,2016-03-01,4.3,2016,3,1,0,0,0
5ff1c946c380bd31923cc975,2016-02-29,4.3,2016,2,29,0,0,0
5ff1c946c380bd31923cc976,2016-02-26,4.3,2016,2,26,0,0,0
5ff1c946c380bd31923cc977,2016-02-25,4.3,2016,2,25,0,0,0
5ff1c946c380bd31923cc978,2016-02-24,4.3,2016,2,24,0,0,0
5ff1c946c380bd31923cc979,2016-02-23,4.3,2016,2,23,0,0,0
5ff1c946c380bd31923cc97a,2016-02-22,4.3,2016,2,22,0,0,0
5ff1c946c380bd31923cc97b,2016-02-19,4.3,2016,2,19,0,0,0
5ff1c946c380bd31923cc97c,2016-02-18,4.3,2016,2,18,0,0,0
5ff1c946c380bd31923cc97d,2016-02-17,4.3,2016,2,17,0,0,0
5ff1c946c380bd31923cc97e,2016-02-16,4.3,2016,2,16,0,0,0
5ff1c946c380bd31923cc97f,2016-02-15,4.3,2016,2,15,0,0,0
5ff1c946c380bd31923cc980,2016-02-14,4.3,2016,2,14,0,0,0
5ff1c946c380bd31923cc981,2016-02-06,4.3,2016,2,6,0,0,0
5ff1c946c380bd31923cc982,2016-02-05,4.3,2016,2,5,0,0,0
5ff1c946c380bd31923cc983,2016-02-04,4.3,2016,2,4,0,0,0
5ff1c946c380bd31923cc984,2016-02-03,4.3,2016,2,3,0,0,0
5ff1c946c380bd31923cc985,2016-02-02,4.3,2016,2,2,0,0,0
5ff1c946c380bd31923cc986,2016-02-01,4.3,2016,2,1,0,0,0
5ff1c946c380bd31923cc987,2016-01-29,4.3,2016,1,29,0,0,0
5ff1c946c380bd31923cc988,2016-01-28,4.3,2016,1,28,0,0,0
5ff1c946c380bd31923cc989,2016-01-27,4.3,2016,1,27,0,0,0
5ff1c946c380bd31923cc98a,2016-01-26,4.3,2016,1,26,0,0,0
5ff1c946c380bd31923cc98b,2016-01-25,4.3,2016,1,25,0,0,0
5ff1c946c380bd31923cc98c,2016-01-22,4.3,2016,1,22,0,0,0
5ff1c946c380bd31923cc98d,2016-01-21,4.3,2016,1,21,0,0,0
5ff1c946c380bd31923cc98e,2016-01-20,4.3,2016,1,20,0,0,0
5ff1c946c380bd31923cc98f,2016-01-19,4.3,2016,1,19,0,0,0
5ff1c946c380bd31923cc990,2016-01-18,4.3,2016,1,18,0,0,0
5ff1c946c380bd31923cc991,2016-01-15,4.3,2016,1,15,0,0,0
5ff1c946c380bd31923cc992,2016-01-14,4.3,2016,1,14,0,0,0
5ff1c946c380bd31923cc993,2016-01-13,4.3,2016,1,13,0,0,0
5ff1c946c380bd31923cc994,2016-01-12,4.3,2016,1,12,0,0,0
5ff1c946c380bd31923cc995,2016-01-11,4.3,2016,1,11,0,0,0
5ff1c946c380bd31923cc996,2016-01-08,4.3,2016,1,8,0,0,0
5ff1c946c380bd31923cc997,2016-01-07,4.3,2016,1,7,0,0,0
5ff1c946c380bd31923cc998,2016-01-06,4.3,2016,1,6,0,0,0
5ff1c946c380bd31923cc999,2016-01-05,4.3,2016,1,5,0,0,0
5ff1c946c380bd31923cc99a,2016-01-04,4.3,2016,1,4,0,0,0
5ff1c946c380bd31923cc99b,2015-12-31,4.3,2015,12,31,0,0,0
5ff1c946c380bd31923cc99c,2015-12-30,4.3,2015,12,30,0,0,0
5ff1c946c380bd31923cc99d,2015-12-29,4.3,2015,12,29,0,0,0
5ff1c946c380bd31923cc99e,2015-12-28,4.3,2015,12,28,0,0,0
5ff1c946c380bd31923cc99f,2015-12-25,4.3,2015,12,25,0,0,0
5ff1c946c380bd31923cc9a0,2015-12-24,4.3,2015,12,24,0,0,0
5ff1c946c380bd31923cc9a1,2015-12-23,4.3,2015,12,23,0,0,0
5ff1c946c380bd31923cc9a2,2015-12-22,4.3,2015,12,22,0,0,0
5ff1c946c380bd31923cc9a3,2015-12-21,4.3,2015,12,21,0,0,0
5ff1c946c380bd31923cc9a4,2015-12-18,4.3,2015,12,18,0,0,0
5ff1c946c380bd31923cc9a5,2015-12-17,4.3,2015,12,17,0,0,0
5ff1c946c380bd31923cc9a6,2015-12-16,4.3,2015,12,16,0,0,0
5ff1c946c380bd31923cc9a7,2015-12-15,4.3,2015,12,15,0,0,0
5ff1c946c380bd31923cc9a8,2015-12-14,4.3,2015,12,14,0,0,0
5ff1c946c380bd31923cc9a9,2015-12-11,4.3,2015,12,11,0,0,0
5ff1c946c380bd31923cc9aa,2015-12-10,4.3,2015,12,10,0,0,0
5ff1c946c380bd31923cc9ab,2015-12-09,4.3,2015,12,9,0,0,0
5ff1c946c380bd31923cc9ac,2015-12-08,4.3,2015,12,8,0,0,0
5ff1c946c380bd31923cc9ad,2015-12-07,4.3,2015,12,7,0,0,0
5ff1c946c380bd31923cc9ae,2015-12-04,4.3,2015,12,4,0,0,0
5ff1c946c380bd31923cc9af,2015-12-03,4.3,2015,12,3,0,0,0
5ff1c946c380bd31923cc9b0,2015-12-02,4.3,2015,12,2,0,0,0
5ff1c946c380bd31923cc9b1,2015-12-01,4.3,2015,12,1,0,0,0
5ff1c946c380bd31923cc9b2,2015-11-30,4.3,2015,11,30,0,0,0
5ff1c946c380bd31923cc9b3,2015-11-27,4.3,2015,11,27,0,0,0
5ff1c946c380bd31923cc9b4,2015-11-26,4.3,2015,11,26,0,0,0
5ff1c946c380bd31923cc9b5,2015-11-25,4.3,2015,11,25,0,0,0
5ff1c946c380bd31923cc9b6,2015-11-24,4.3,2015,11,24,0,0,0
5ff1c946c380bd31923cc9b7,2015-11-23,4.3,2015,11,23,0,0,0
5ff1c946c380bd31923cc9b8,2015-11-20,4.3,2015,11,20,0,0,0
5ff1c946c380bd31923cc9b9,2015-11-19,4.3,2015,11,19,0,0,0
5ff1c946c380bd31923cc9ba,2015-11-18,4.3,2015,11,18,0,0,0
5ff1c946c380bd31923cc9bb,2015-11-17,4.3,2015,11,17,0,0,0
5ff1c946c380bd31923cc9bc,2015-11-16,4.3,2015,11,16,0,0,0
5ff1c946c380bd31923cc9bd,2015-11-13,4.3,2015,11,13,0,0,0
5ff1c946c380bd31923cc9be,2015-11-12,4.3,2015,11,12,0,0,0
5ff1c946c380bd31923cc9bf,2015-11-11,4.3,2015,11,11,0,0,0
5ff1c946c380bd31923cc9c0,2015-11-10,4.3,2015,11,10,0,0,0
5ff1c946c380bd31923cc9c1,2015-11-09,4.3,2015,11,9,0,0,0
5ff1c946c380bd31923cc9c2,2015-11-06,4.3,2015,11,6,0,0,0
5ff1c946c380bd31923cc9c3,2015-11-05,4.3,2015,11,5,0,0,0
5ff1c946c380bd31923cc9c4,2015-11-04,4.3,2015,11,4,0,0,0
5ff1c946c380bd31923cc9c5,2015-11-03,4.3,2015,11,3,0,0,0
5ff1c946c380bd31923cc9c6,2015-11-02,4.3,2015,11,2,0,0,0
5ff1c946c380bd31923cc9c7,2015-10-30,4.3,2015,10,30,0,0,0
5ff1c946c380bd31923cc9c8,2015-10-29,4.3,2015,10,29,0,0,0
5ff1c946c380bd31923cc9c9,2015-10-28,4.3,2015,10,28,0,0,0
5ff1c946c380bd31923cc9ca,2015-10-27,4.3,2015,10,27,0,0,0
5ff1c946c380bd31923cc9cb,2015-10-26,4.3,2015,10,26,0,0,0
5ff1c946c380bd31923cc9cc,2015-10-23,4.55,2015,10,23,0,0,0
5ff1c946c380bd31923cc9cd,2015-10-22,4.55,2015,10,22,0,0,0
5ff1c946c380bd31923cc9ce,2015-10-21,4.55,2015,10,21,0,0,0
5ff1c946c380bd31923cc9cf,2015-10-20,4.55,2015,10,20,0,0,0
5ff1c946c380bd31923cc9d0,2015-10-19,4.55,2015,10,19,0,0,0
5ff1c946c380bd31923cc9d1,2015-10-16,4.55,2015,10,16,0,0,0
5ff1c946c380bd31923cc9d2,2015-10-15,4.55,2015,10,15,0,0,0
5ff1c946c380bd31923cc9d3,2015-10-14,4.55,2015,10,14,0,0,0
5ff1c946c380bd31923cc9d4,2015-10-13,4.55,2015,10,13,0,0,0
5ff1c946c380bd31923cc9d5,2015-10-12,4.55,2015,10,12,0,0,0
5ff1c946c380bd31923cc9d6,2015-10-10,4.55,2015,10,10,0,0,0
5ff1c946c380bd31923cc9d7,2015-10-09,4.55,2015,10,9,0,0,0
5ff1c946c380bd31923cc9d8,2015-10-08,4.55,2015,10,8,0,0,0
5ff1c946c380bd31923cc9d9,2015-09-30,4.55,2015,9,30,0,0,0
5ff1c946c380bd31923cc9da,2015-09-29,4.55,2015,9,29,0,0,0
5ff1c946c380bd31923cc9db,2015-09-28,4.55,2015,9,28,0,0,0
5ff1c946c380bd31923cc9dc,2015-09-25,4.55,2015,9,25,0,0,0
5ff1c946c380bd31923cc9dd,2015-09-24,4.55,2015,9,24,0,0,0
5ff1c946c380bd31923cc9de,2015-09-23,4.55,2015,9,23,0,0,0
5ff1c946c380bd31923cc9df,2015-09-22,4.55,2015,9,22,0,0,0
5ff1c946c380bd31923cc9e0,2015-09-21,4.55,2015,9,21,0,0,0
5ff1c946c380bd31923cc9e1,2015-09-18,4.55,2015,9,18,0,0,0
5ff1c946c380bd31923cc9e2,2015-09-17,4.55,2015,9,17,0,0,0
5ff1c946c380bd31923cc9e3,2015-09-16,4.55,2015,9,16,0,0,0
5ff1c946c380bd31923cc9e4,2015-09-15,4.55,2015,9,15,0,0,0
5ff1c946c380bd31923cc9e5,2015-09-14,4.55,2015,9,14,0,0,0
5ff1c946c380bd31923cc9e6,2015-09-11,4.55,2015,9,11,0,0,0
5ff1c946c380bd31923cc9e7,2015-09-10,4.55,2015,9,10,0,0,0
5ff1c946c380bd31923cc9e8,2015-09-09,4.55,2015,9,9,0,0,0
5ff1c946c380bd31923cc9e9,2015-09-08,4.55,2015,9,8,0,0,0
5ff1c946c380bd31923cc9ea,2015-09-07,4.55,2015,9,7,0,0,0
5ff1c946c380bd31923cc9eb,2015-09-06,4.55,2015,9,6,0,0,0
5ff1c946c380bd31923cc9ec,2015-09-02,4.55,2015,9,2,0,0,0
5ff1c946c380bd31923cc9ed,2015-09-01,4.55,2015,9,1,0,0,0
5ff1c946c380bd31923cc9ee,2015-08-31,4.55,2015,8,31,0,0,0
5ff1c946c380bd31923cc9ef,2015-08-28,4.55,2015,8,28,0,0,0
5ff1c946c380bd31923cc9f0,2015-08-27,4.55,2015,8,27,0,0,0
5ff1c946c380bd31923cc9f1,2015-08-26,4.55,2015,8,26,0,0,0
5ff1c946c380bd31923cc9f2,2015-08-25,4.8,2015,8,25,0,0,0
5ff1c946c380bd31923cc9f3,2015-08-24,4.8,2015,8,24,0,0,0
5ff1c946c380bd31923cc9f4,2015-08-21,4.8,2015,8,21,0,0,0
5ff1c946c380bd31923cc9f5,2015-08-20,4.8,2015,8,20,0,0,0
5ff1c946c380bd31923cc9f6,2015-08-19,4.8,2015,8,19,0,0,0
5ff1c946c380bd31923cc9f7,2015-08-18,4.8,2015,8,18,0,0,0
5ff1c946c380bd31923cc9f8,2015-08-17,4.8,2015,8,17,0,0,0
5ff1c946c380bd31923cc9f9,2015-08-14,4.8,2015,8,14,0,0,0
5ff1c946c380bd31923cc9fa,2015-08-13,4.8,2015,8,13,0,0,0
5ff1c946c380bd31923cc9fb,2015-08-12,4.8,2015,8,12,0,0,0
5ff1c946c380bd31923cc9fc,2015-08-11,4.8,2015,8,11,0,0,0
5ff1c946c380bd31923cc9fd,2015-08-10,4.8,2015,8,10,0,0,0
5ff1c946c380bd31923cc9fe,2015-08-07,4.8,2015,8,7,0,0,0
5ff1c946c380bd31923cc9ff,2015-08-06,4.8,2015,8,6,0,0,0
5ff1c946c380bd31923cca00,2015-08-05,4.8,2015,8,5,0,0,0
5ff1c946c380bd31923cca01,2015-08-04,4.8,2015,8,4,0,0,0
5ff1c946c380bd31923cca02,2015-08-03,4.8,2015,8,3,0,0,0
5ff1c946c380bd31923cca03,2015-07-31,4.8,2015,7,31,0,0,0
5ff1c946c380bd31923cca04,2015-07-30,4.8,2015,7,30,0,0,0
5ff1c946c380bd31923cca05,2015-07-29,4.8,2015,7,29,0,0,0
5ff1c946c380bd31923cca06,2015-07-28,4.8,2015,7,28,0,0,0
5ff1c946c380bd31923cca07,2015-07-27,4.8,2015,7,27,0,0,0
5ff1c946c380bd31923cca08,2015-07-24,4.8,2015,7,24,0,0,0
5ff1c946c380bd31923cca09,2015-07-23,4.8,2015,7,23,0,0,0
5ff1c946c380bd31923cca0a,2015-07-22,4.8,2015,7,22,0,0,0
5ff1c946c380bd31923cca0b,2015-07-21,4.8,2015,7,21,0,0,0
5ff1c946c380bd31923cca0c,2015-07-20,4.8,2015,7,20,0,0,0
5ff1c946c380bd31923cca0d,2015-07-17,4.8,2015,7,17,0,0,0
5ff1c946c380bd31923cca0e,2015-07-16,4.8,2015,7,16,0,0,0
5ff1c946c380bd31923cca0f,2015-07-15,4.8,2015,7,15,0,0,0
5ff1c946c380bd31923cca10,2015-07-14,4.8,2015,7,14,0,0,0
5ff1c946c380bd31923cca11,2015-07-13,4.8,2015,7,13,0,0,0
5ff1c946c380bd31923cca12,2015-07-10,4.8,2015,7,10,0,0,0
5ff1c946c380bd31923cca13,2015-07-09,4.8,2015,7,9,0,0,0
5ff1c946c380bd31923cca14,2015-07-08,4.8,2015,7,8,0,0,0
5ff1c946c380bd31923cca15,2015-07-07,4.8,2015,7,7,0,0,0
5ff1c946c380bd31923cca16,2015-07-06,4.8,2015,7,6,0,0,0
5ff1c946c380bd31923cca17,2015-07-03,4.8,2015,7,3,0,0,0
5ff1c946c380bd31923cca18,2015-07-02,4.8,2015,7,2,0,0,0
5ff1c946c380bd31923cca19,2015-07-01,4.8,2015,7,1,0,0,0
5ff1c946c380bd31923cca1a,2015-06-30,4.8,2015,6,30,0,0,0
5ff1c946c380bd31923cca1b,2015-06-29,4.8,2015,6,29,0,0,0
5ff1c946c380bd31923cca1c,2015-06-26,5.05,2015,6,26,0,0,0
5ff1c946c380bd31923cca1d,2015-06-25,5.05,2015,6,25,0,0,0
5ff1c946c380bd31923cca1e,2015-06-24,5.05,2015,6,24,0,0,0
5ff1c946c380bd31923cca1f,2015-06-23,5.05,2015,6,23,0,0,0
5ff1c946c380bd31923cca20,2015-06-19,5.05,2015,6,19,0,0,0
5ff1c946c380bd31923cca21,2015-06-18,5.05,2015,6,18,0,0,0
5ff1c946c380bd31923cca22,2015-06-17,5.05,2015,6,17,0,0,0
5ff1c946c380bd31923cca23,2015-06-16,5.05,2015,6,16,0,0,0
5ff1c946c380bd31923cca24,2015-06-15,5.05,2015,6,15,0,0,0
5ff1c946c380bd31923cca25,2015-06-12,5.05,2015,6,12,0,0,0
5ff1c946c380bd31923cca26,2015-06-11,5.05,2015,6,11,0,0,0
5ff1c946c380bd31923cca27,2015-06-10,5.05,2015,6,10,0,0,0
5ff1c946c380bd31923cca28,2015-06-09,5.05,2015,6,9,0,0,0
5ff1c946c380bd31923cca29,2015-06-08,5.05,2015,6,8,0,0,0
5ff1c946c380bd31923cca2a,2015-06-05,5.05,2015,6,5,0,0,0
5ff1c946c380bd31923cca2b,2015-06-04,5.05,2015,6,4,0,0,0
5ff1c946c380bd31923cca2c,2015-06-03,5.05,2015,6,3,0,0,0
5ff1c946c380bd31923cca2d,2015-06-02,5.05,2015,6,2,0,0,0
5ff1c946c380bd31923cca2e,2015-06-01,5.05,2015,6,1,0,0,0
5ff1c946c380bd31923cca2f,2015-05-29,5.05,2015,5,29,0,0,0
5ff1c946c380bd31923cca30,2015-05-28,5.05,2015,5,28,0,0,0
5ff1c946c380bd31923cca31,2015-05-27,5.05,2015,5,27,0,0,0
5ff1c946c380bd31923cca32,2015-05-26,5.05,2015,5,26,0,0,0
5ff1c946c380bd31923cca33,2015-05-25,5.05,2015,5,25,0,0,0
5ff1c946c380bd31923cca34,2015-05-22,5.05,2015,5,22,0,0,0
5ff1c946c380bd31923cca35,2015-05-21,5.05,2015,5,21,0,0,0
5ff1c946c380bd31923cca36,2015-05-20,5.05,2015,5,20,0,0,0
5ff1c946c380bd31923cca37,2015-05-19,5.05,2015,5,19,0,0,0
5ff1c946c380bd31923cca38,2015-05-18,5.05,2015,5,18,0,0,0
5ff1c946c380bd31923cca39,2015-05-15,5.05,2015,5,15,0,0,0
5ff1c946c380bd31923cca3a,2015-05-14,5.05,2015,5,14,0,0,0
5ff1c946c380bd31923cca3b,2015-05-13,5.05,2015,5,13,0,0,0
5ff1c946c380bd31923cca3c,2015-05-12,5.05,2015,5,12,0,0,0
5ff1c946c380bd31923cca3d,2015-05-11,5.05,2015,5,11,0,0,0
5ff1c946c380bd31923cca3e,2015-05-08,5.3,2015,5,8,0,0,0
5ff1c946c380bd31923cca3f,2015-05-07,5.3,2015,5,7,0,0,0
5ff1c946c380bd31923cca40,2015-05-06,5.3,2015,5,6,0,0,0
5ff1c946c380bd31923cca41,2015-05-05,5.3,2015,5,5,0,0,0
5ff1c946c380bd31923cca42,2015-05-04,5.3,2015,5,4,0,0,0
5ff1c946c380bd31923cca43,2015-04-30,5.3,2015,4,30,0,0,0
5ff1c946c380bd31923cca44,2015-04-29,5.3,2015,4,29,0,0,0
5ff1c946c380bd31923cca45,2015-04-28,5.3,2015,4,28,0,0,0
5ff1c946c380bd31923cca46,2015-04-27,5.3,2015,4,27,0,0,0
5ff1c946c380bd31923cca47,2015-04-24,5.3,2015,4,24,0,0,0
5ff1c946c380bd31923cca48,2015-04-23,5.3,2015,4,23,0,0,0
5ff1c946c380bd31923cca49,2015-04-22,5.3,2015,4,22,0,0,0
5ff1c946c380bd31923cca4a,2015-04-21,5.3,2015,4,21,0,0,0
5ff1c946c380bd31923cca4b,2015-04-20,5.3,2015,4,20,0,0,0
5ff1c946c380bd31923cca4c,2015-04-17,5.3,2015,4,17,0,0,0
5ff1c946c380bd31923cca4d,2015-04-16,5.3,2015,4,16,0,0,0
5ff1c946c380bd31923cca4e,2015-04-15,5.3,2015,4,15,0,0,0
5ff1c946c380bd31923cca4f,2015-04-14,5.3,2015,4,14,0,0,0
5ff1c946c380bd31923cca50,2015-04-13,5.3,2015,4,13,0,0,0
5ff1c946c380bd31923cca51,2015-04-10,5.3,2015,4,10,0,0,0
5ff1c946c380bd31923cca52,2015-04-09,5.3,2015,4,9,0,0,0
5ff1c946c380bd31923cca53,2015-04-08,5.3,2015,4,8,0,0,0
5ff1c946c380bd31923cca54,2015-04-07,5.3,2015,4,7,0,0,0
5ff1c946c380bd31923cca55,2015-04-03,5.3,2015,4,3,0,0,0
5ff1c946c380bd31923cca56,2015-04-02,5.3,2015,4,2,0,0,0
5ff1c946c380bd31923cca57,2015-04-01,5.3,2015,4,1,0,0,0
5ff1c946c380bd31923cca58,2015-03-31,5.3,2015,3,31,0,0,0
5ff1c946c380bd31923cca59,2015-03-30,5.3,2015,3,30,0,0,0
5ff1c946c380bd31923cca5a,2015-03-27,5.3,2015,3,27,0,0,0
5ff1c946c380bd31923cca5b,2015-03-26,5.3,2015,3,26,0,0,0
5ff1c946c380bd31923cca5c,2015-03-25,5.3,2015,3,25,0,0,0
5ff1c946c380bd31923cca5d,2015-03-24,5.3,2015,3,24,0,0,0
5ff1c946c380bd31923cca5e,2015-03-23,5.3,2015,3,23,0,0,0
5ff1c946c380bd31923cca5f,2015-03-20,5.3,2015,3,20,0,0,0
5ff1c946c380bd31923cca60,2015-03-19,5.3,2015,3,19,0,0,0
5ff1c946c380bd31923cca61,2015-03-18,5.3,2015,3,18,0,0,0
5ff1c946c380bd31923cca62,2015-03-17,5.3,2015,3,17,0,0,0
5ff1c946c380bd31923cca63,2015-03-16,5.3,2015,3,16,0,0,0
5ff1c946c380bd31923cca64,2015-03-13,5.3,2015,3,13,0,0,0
5ff1c946c380bd31923cca65,2015-03-12,5.3,2015,3,12,0,0,0
5ff1c946c380bd31923cca66,2015-03-11,5.3,2015,3,11,0,0,0
5ff1c946c380bd31923cca67,2015-03-10,5.3,2015,3,10,0,0,0
5ff1c946c380bd31923cca68,2015-03-09,5.3,2015,3,9,0,0,0
5ff1c946c380bd31923cca69,2015-03-06,5.3,2015,3,6,0,0,0
5ff1c946c380bd31923cca6a,2015-03-05,5.3,2015,3,5,0,0,0
5ff1c946c380bd31923cca6b,2015-03-04,5.3,2015,3,4,0,0,0
5ff1c946c380bd31923cca6c,2015-03-03,5.3,2015,3,3,0,0,0
5ff1c946c380bd31923cca6d,2015-03-02,5.3,2015,3,2,0,0,0
5ff1c946c380bd31923cca6e,2015-02-28,5.51,2015,2,28,0,0,0
5ff1c946c380bd31923cca6f,2015-02-27,5.51,2015,2,27,0,0,0
5ff1c946c380bd31923cca70,2015-02-26,5.51,2015,2,26,0,0,0
5ff1c946c380bd31923cca71,2015-02-25,5.51,2015,2,25,0,0,0
5ff1c946c380bd31923cca72,2015-02-17,5.51,2015,2,17,0,0,0
5ff1c946c380bd31923cca73,2015-02-16,5.51,2015,2,16,0,0,0
5ff1c946c380bd31923cca74,2015-02-15,5.51,2015,2,15,0,0,0
5ff1c946c380bd31923cca75,2015-02-13,5.51,2015,2,13,0,0,0
5ff1c946c380bd31923cca76,2015-02-12,5.51,2015,2,12,0,0,0
5ff1c946c380bd31923cca77,2015-02-11,5.51,2015,2,11,0,0,0
5ff1c946c380bd31923cca78,2015-02-10,5.51,2015,2,10,0,0,0
5ff1c946c380bd31923cca79,2015-02-09,5.51,2015,2,9,0,0,0
5ff1c946c380bd31923cca7a,2015-02-06,5.51,2015,2,6,0,0,0
5ff1c946c380bd31923cca7b,2015-02-05,5.51,2015,2,5,0,0,0
5ff1c946c380bd31923cca7c,2015-02-04,5.51,2015,2,4,0,0,0
5ff1c946c380bd31923cca7d,2015-02-03,5.51,2015,2,3,0,0,0
5ff1c946c380bd31923cca7e,2015-02-02,5.51,2015,2,2,0,0,0
5ff1c946c380bd31923cca7f,2015-01-30,5.51,2015,1,30,0,0,0
5ff1c946c380bd31923cca80,2015-01-29,5.51,2015,1,29,0,0,0
5ff1c946c380bd31923cca81,2015-01-28,5.51,2015,1,28,0,0,0
5ff1c946c380bd31923cca82,2015-01-27,5.51,2015,1,27,0,0,0
5ff1c946c380bd31923cca83,2015-01-26,5.51,2015,1,26,0,0,0
5ff1c946c380bd31923cca84,2015-01-23,5.51,2015,1,23,0,0,0
5ff1c946c380bd31923cca85,2015-01-22,5.51,2015,1,22,0,0,0
5ff1c946c380bd31923cca86,2015-01-21,5.51,2015,1,21,0,0,0
5ff1c946c380bd31923cca87,2015-01-20,5.51,2015,1,20,0,0,0
5ff1c946c380bd31923cca88,2015-01-19,5.51,2015,1,19,0,0,0
5ff1c946c380bd31923cca89,2015-01-16,5.51,2015,1,16,0,0,0
5ff1c946c380bd31923cca8a,2015-01-15,5.51,2015,1,15,0,0,0
5ff1c946c380bd31923cca8b,2015-01-14,5.51,2015,1,14,0,0,0
5ff1c946c380bd31923cca8c,2015-01-13,5.51,2015,1,13,0,0,0
5ff1c946c380bd31923cca8d,2015-01-12,5.51,2015,1,12,0,0,0
5ff1c946c380bd31923cca8e,2015-01-09,5.51,2015,1,9,0,0,0
5ff1c946c380bd31923cca8f,2015-01-08,5.51,2015,1,8,0,0,0
5ff1c946c380bd31923cca90,2015-01-07,5.51,2015,1,7,0,0,0
5ff1c946c380bd31923cca91,2015-01-06,5.51,2015,1,6,0,0,0
5ff1c946c380bd31923cca92,2015-01-05,5.51,2015,1,5,0,0,0
5ff1c946c380bd31923cca93,2015-01-04,5.51,2015,1,4,0,0,0
5ff1c946c380bd31923cca94,2014-12-31,5.51,2014,12,31,0,0,0
5ff1c946c380bd31923cca95,2014-12-30,5.51,2014,12,30,0,0,0
5ff1c946c380bd31923cca96,2014-12-29,5.51,2014,12,29,0,0,0
5ff1c946c380bd31923cca97,2014-12-26,5.51,2014,12,26,0,0,0
5ff1c946c380bd31923cca98,2014-12-25,5.51,2014,12,25,0,0,0
5ff1c946c380bd31923cca99,2014-12-24,5.51,2014,12,24,0,0,0
5ff1c946c380bd31923cca9a,2014-12-23,5.51,2014,12,23,0,0,0
5ff1c946c380bd31923cca9b,2014-12-22,5.51,2014,12,22,0,0,0
5ff1c946c380bd31923cca9c,2014-12-19,5.51,2014,12,19,0,0,0
5ff1c946c380bd31923cca9d,2014-12-18,5.51,2014,12,18,0,0,0
5ff1c946c380bd31923cca9e,2014-12-17,5.51,2014,12,17,0,0,0
5ff1c946c380bd31923cca9f,2014-12-16,5.51,2014,12,16,0,0,0
5ff1c946c380bd31923ccaa0,2014-12-15,5.51,2014,12,15,0,0,0
5ff1c946c380bd31923ccaa1,2014-12-12,5.51,2014,12,12,0,0,0
5ff1c946c380bd31923ccaa2,2014-12-11,5.51,2014,12,11,0,0,0
5ff1c946c380bd31923ccaa3,2014-12-10,5.51,2014,12,10,0,0,0
5ff1c946c380bd31923ccaa4,2014-12-09,5.51,2014,12,9,0,0,0
5ff1c946c380bd31923ccaa5,2014-12-08,5.51,2014,12,8,0,0,0
5ff1c946c380bd31923ccaa6,2014-12-05,5.51,2014,12,5,0,0,0
5ff1c946c380bd31923ccaa7,2014-12-04,5.51,2014,12,4,0,0,0
5ff1c946c380bd31923ccaa8,2014-12-03,5.51,2014,12,3,0,0,0
5ff1c946c380bd31923ccaa9,2014-12-02,5.51,2014,12,2,0,0,0
5ff1c946c380bd31923ccaaa,2014-12-01,5.51,2014,12,1,0,0,0
5ff1c946c380bd31923ccaab,2014-11-28,5.51,2014,11,28,0,0,0
5ff1c946c380bd31923ccaac,2014-11-27,5.52,2014,11,27,0,0,0
5ff1c946c380bd31923ccaad,2014-11-26,5.56,2014,11,26,0,0,0
5ff1c946c380bd31923ccaae,2014-11-25,5.56,2014,11,25,0,0,0
5ff1c946c380bd31923ccaaf,2014-11-24,5.56,2014,11,24,0,0,0
5ff1c946c380bd31923ccab0,2014-11-21,5.76,2014,11,21,0,0,0
5ff1c946c380bd31923ccab1,2014-11-20,5.76,2014,11,20,0,0,0
5ff1c946c380bd31923ccab2,2014-11-19,5.76,2014,11,19,0,0,0
5ff1c946c380bd31923ccab3,2014-11-18,5.76,2014,11,18,0,0,0
5ff1c946c380bd31923ccab4,2014-11-17,5.76,2014,11,17,0,0,0
5ff1c946c380bd31923ccab5,2014-11-14,5.76,2014,11,14,0,0,0
5ff1c946c380bd31923ccab6,2014-11-13,5.76,2014,11,13,0,0,0
5ff1c946c380bd31923ccab7,2014-11-12,5.76,2014,11,12,0,0,0
5ff1c946c380bd31923ccab8,2014-11-11,5.76,2014,11,11,0,0,0
5ff1c946c380bd31923ccab9,2014-11-10,5.76,2014,11,10,0,0,0
5ff1c946c380bd31923ccaba,2014-11-07,5.76,2014,11,7,0,0,0
5ff1c946c380bd31923ccabb,2014-11-06,5.76,2014,11,6,0,0,0
5ff1c946c380bd31923ccabc,2014-11-05,5.76,2014,11,5,0,0,0
5ff1c946c380bd31923ccabd,2014-11-04,5.76,2014,11,4,0,0,0
5ff1c946c380bd31923ccabe,2014-11-03,5.76,2014,11,3,0,0,0
5ff1c946c380bd31923ccabf,2014-10-31,5.76,2014,10,31,0,0,0
5ff1c946c380bd31923ccac0,2014-10-30,5.76,2014,10,30,0,0,0
5ff1c946c380bd31923ccac1,2014-10-29,5.76,2014,10,29,0,0,0
5ff1c946c380bd31923ccac2,2014-10-28,5.76,2014,10,28,0,0,0
5ff1c946c380bd31923ccac3,2014-10-27,5.76,2014,10,27,0,0,0
5ff1c946c380bd31923ccac4,2014-10-24,5.76,2014,10,24,0,0,0
5ff1c946c380bd31923ccac5,2014-10-23,5.76,2014,10,23,0,0,0
5ff1c946c380bd31923ccac6,2014-10-22,5.76,2014,10,22,0,0,0
5ff1c946c380bd31923ccac7,2014-10-21,5.76,2014,10,21,0,0,0
5ff1c946c380bd31923ccac8,2014-10-20,5.76,2014,10,20,0,0,0
5ff1c946c380bd31923ccac9,2014-10-17,5.76,2014,10,17,0,0,0
5ff1c946c380bd31923ccaca,2014-10-16,5.76,2014,10,16,0,0,0
5ff1c946c380bd31923ccacb,2014-10-15,5.76,2014,10,15,0,0,0
5ff1c946c380bd31923ccacc,2014-10-14,5.76,2014,10,14,0,0,0
5ff1c946c380bd31923ccacd,2014-10-13,5.76,2014,10,13,0,0,0
5ff1c946c380bd31923ccace,2014-10-11,5.76,2014,10,11,0,0,0
5ff1c946c380bd31923ccacf,2014-10-10,5.76,2014,10,10,0,0,0
5ff1c946c380bd31923ccad0,2014-10-09,5.76,2014,10,9,0,0,0
5ff1c946c380bd31923ccad1,2014-10-08,5.76,2014,10,8,0,0,0
5ff1c946c380bd31923ccad2,2014-09-30,5.76,2014,9,30,0,0,0
5ff1c946c380bd31923ccad3,2014-09-29,5.76,2014,9,29,0,0,0
5ff1c946c380bd31923ccad4,2014-09-28,5.76,2014,9,28,0,0,0
5ff1c946c380bd31923ccad5,2014-09-26,5.76,2014,9,26,0,0,0
5ff1c946c380bd31923ccad6,2014-09-25,5.76,2014,9,25,0,0,0
5ff1c946c380bd31923ccad7,2014-09-24,5.76,2014,9,24,0,0,0
5ff1c946c380bd31923ccad8,2014-09-23,5.76,2014,9,23,0,0,0
5ff1c946c380bd31923ccad9,2014-09-22,5.76,2014,9,22,0,0,0
5ff1c946c380bd31923ccada,2014-09-19,5.76,2014,9,19,0,0,0
5ff1c946c380bd31923ccadb,2014-09-18,5.76,2014,9,18,0,0,0
5ff1c946c380bd31923ccadc,2014-09-17,5.76,2014,9,17,0,0,0
5ff1c946c380bd31923ccadd,2014-09-16,5.76,2014,9,16,0,0,0
5ff1c946c380bd31923ccade,2014-09-15,5.76,2014,9,15,0,0,0
5ff1c946c380bd31923ccadf,2014-09-12,5.76,2014,9,12,0,0,0
5ff1c946c380bd31923ccae0,2014-09-11,5.76,2014,9,11,0,0,0
5ff1c946c380bd31923ccae1,2014-09-10,5.76,2014,9,10,0,0,0
5ff1c946c380bd31923ccae2,2014-09-09,5.76,2014,9,9,0,0,0
5ff1c946c380bd31923ccae3,2014-09-05,5.76,2014,9,5,0,0,0
5ff1c946c380bd31923ccae4,2014-09-04,5.76,2014,9,4,0,0,0
5ff1c946c380bd31923ccae5,2014-09-03,5.76,2014,9,3,0,0,0
5ff1c946c380bd31923ccae6,2014-09-02,5.76,2014,9,2,0,0,0
5ff1c946c380bd31923ccae7,2014-09-01,5.76,2014,9,1,0,0,0
5ff1c946c380bd31923ccae8,2014-08-29,5.76,2014,8,29,0,0,0
5ff1c946c380bd31923ccae9,2014-08-28,5.76,2014,8,28,0,0,0
5ff1c946c380bd31923ccaea,2014-08-27,5.76,2014,8,27,0,0,0
5ff1c946c380bd31923ccaeb,2014-08-26,5.76,2014,8,26,0,0,0
5ff1c946c380bd31923ccaec,2014-08-25,5.76,2014,8,25,0,0,0
5ff1c946c380bd31923ccaed,2014-08-22,5.76,2014,8,22,0,0,0
5ff1c946c380bd31923ccaee,2014-08-21,5.76,2014,8,21,0,0,0
5ff1c946c380bd31923ccaef,2014-08-20,5.76,2014,8,20,0,0,0
5ff1c946c380bd31923ccaf0,2014-08-19,5.76,2014,8,19,0,0,0
5ff1c946c380bd31923ccaf1,2014-08-18,5.76,2014,8,18,0,0,0
5ff1c946c380bd31923ccaf2,2014-08-15,5.76,2014,8,15,0,0,0
5ff1c946c380bd31923ccaf3,2014-08-14,5.76,2014,8,14,0,0,0
5ff1c946c380bd31923ccaf4,2014-08-13,5.76,2014,8,13,0,0,0
5ff1c946c380bd31923ccaf5,2014-08-12,5.76,2014,8,12,0,0,0
5ff1c946c380bd31923ccaf6,2014-08-11,5.76,2014,8,11,0,0,0
5ff1c946c380bd31923ccaf7,2014-08-08,5.76,2014,8,8,0,0,0
5ff1c946c380bd31923ccaf8,2014-08-07,5.76,2014,8,7,0,0,0
5ff1c946c380bd31923ccaf9,2014-08-06,5.76,2014,8,6,0,0,0
5ff1c946c380bd31923ccafa,2014-08-05,5.76,2014,8,5,0,0,0
5ff1c946c380bd31923ccafb,2014-08-04,5.76,2014,8,4,0,0,0
5ff1c946c380bd31923ccafc,2014-08-01,5.76,2014,8,1,0,0,0
5ff1c946c380bd31923ccafd,2014-07-31,5.76,2014,7,31,0,0,0
5ff1c946c380bd31923ccafe,2014-07-30,5.76,2014,7,30,0,0,0
5ff1c946c380bd31923ccaff,2014-07-29,5.76,2014,7,29,0,0,0
5ff1c946c380bd31923ccb00,2014-07-28,5.76,2014,7,28,0,0,0
5ff1c946c380bd31923ccb01,2014-07-25,5.76,2014,7,25,0,0,0
5ff1c946c380bd31923ccb02,2014-07-24,5.76,2014,7,24,0,0,0
5ff1c946c380bd31923ccb03,2014-07-23,5.76,2014,7,23,0,0,0
5ff1c946c380bd31923ccb04,2014-07-22,5.76,2014,7,22,0,0,0
5ff1c946c380bd31923ccb05,2014-07-21,5.76,2014,7,21,0,0,0
5ff1c946c380bd31923ccb06,2014-07-18,5.76,2014,7,18,0,0,0
5ff1c946c380bd31923ccb07,2014-07-17,5.76,2014,7,17,0,0,0
5ff1c946c380bd31923ccb08,2014-07-16,5.76,2014,7,16,0,0,0
5ff1c946c380bd31923ccb09,2014-07-15,5.76,2014,7,15,0,0,0
5ff1c946c380bd31923ccb0a,2014-07-14,5.76,2014,7,14,0,0,0
5ff1c946c380bd31923ccb0b,2014-07-11,5.76,2014,7,11,0,0,0
5ff1c946c380bd31923ccb0c,2014-07-10,5.76,2014,7,10,0,0,0
5ff1c946c380bd31923ccb0d,2014-07-09,5.76,2014,7,9,0,0,0
5ff1c946c380bd31923ccb0e,2014-07-08,5.76,2014,7,8,0,0,0
5ff1c946c380bd31923ccb0f,2014-07-07,5.76,2014,7,7,0,0,0
5ff1c946c380bd31923ccb10,2014-07-04,5.76,2014,7,4,0,0,0
5ff1c946c380bd31923ccb11,2014-07-03,5.76,2014,7,3,0,0,0
5ff1c946c380bd31923ccb12,2014-07-02,5.76,2014,7,2,0,0,0
5ff1c946c380bd31923ccb13,2014-07-01,5.76,2014,7,1,0,0,0
5ff1c946c380bd31923ccb14,2014-06-30,5.76,2014,6,30,0,0,0
5ff1c946c380bd31923ccb15,2014-06-27,5.76,2014,6,27,0,0,0
5ff1c946c380bd31923ccb16,2014-06-26,5.76,2014,6,26,0,0,0
5ff1c946c380bd31923ccb17,2014-06-25,5.76,2014,6,25,0,0,0
5ff1c946c380bd31923ccb18,2014-06-24,5.76,2014,6,24,0,0,0
5ff1c946c380bd31923ccb19,2014-06-23,5.76,2014,6,23,0,0,0
5ff1c946c380bd31923ccb1a,2014-06-20,5.76,2014,6,20,0,0,0
5ff1c946c380bd31923ccb1b,2014-06-19,5.76,2014,6,19,0,0,0
5ff1c946c380bd31923ccb1c,2014-06-18,5.76,2014,6,18,0,0,0
5ff1c946c380bd31923ccb1d,2014-06-17,5.76,2014,6,17,0,0,0
5ff1c946c380bd31923ccb1e,2014-06-16,5.77,2014,6,16,0,0,0
5ff1c946c380bd31923ccb1f,2014-06-13,5.77,2014,6,13,0,0,0
5ff1c946c380bd31923ccb20,2014-06-12,5.77,2014,6,12,0,0,0
5ff1c946c380bd31923ccb21,2014-06-11,5.77,2014,6,11,0,0,0
5ff1c946c380bd31923ccb22,2014-06-10,5.77,2014,6,10,0,0,0
5ff1c946c380bd31923ccb23,2014-06-09,5.77,2014,6,9,0,0,0
5ff1c946c380bd31923ccb24,2014-06-06,5.77,2014,6,6,0,0,0
5ff1c946c380bd31923ccb25,2014-06-05,5.77,2014,6,5,0,0,0
5ff1c946c380bd31923ccb26,2014-06-04,5.77,2014,6,4,0,0,0
5ff1c946c380bd31923ccb27,2014-06-03,5.77,2014,6,3,0,0,0
5ff1c946c380bd31923ccb28,2014-05-30,5.77,2014,5,30,0,0,0
5ff1c946c380bd31923ccb29,2014-05-29,5.77,2014,5,29,0,0,0
5ff1c946c380bd31923ccb2a,2014-05-28,5.77,2014,5,28,0,0,0
5ff1c946c380bd31923ccb2b,2014-05-27,5.77,2014,5,27,0,0,0
5ff1c946c380bd31923ccb2c,2014-05-26,5.77,2014,5,26,0,0,0
5ff1c946c380bd31923ccb2d,2014-05-23,5.77,2014,5,23,0,0,0
5ff1c946c380bd31923ccb2e,2014-05-22,5.77,2014,5,22,0,0,0
5ff1c946c380bd31923ccb2f,2014-05-21,5.77,2014,5,21,0,0,0
5ff1c946c380bd31923ccb30,2014-05-20,5.77,2014,5,20,0,0,0
5ff1c946c380bd31923ccb31,2014-05-19,5.77,2014,5,19,0,0,0
5ff1c946c380bd31923ccb32,2014-05-16,5.77,2014,5,16,0,0,0
5ff1c946c380bd31923ccb33,2014-05-15,5.77,2014,5,15,0,0,0
5ff1c946c380bd31923ccb34,2014-05-14,5.77,2014,5,14,0,0,0
5ff1c946c380bd31923ccb35,2014-05-13,5.77,2014,5,13,0,0,0
5ff1c946c380bd31923ccb36,2014-05-12,5.77,2014,5,12,0,0,0
5ff1c946c380bd31923ccb37,2014-05-09,5.77,2014,5,9,0,0,0
5ff1c946c380bd31923ccb38,2014-05-08,5.77,2014,5,8,0,0,0
5ff1c946c380bd31923ccb39,2014-05-07,5.77,2014,5,7,0,0,0
5ff1c946c380bd31923ccb3a,2014-05-06,5.77,2014,5,6,0,0,0
5ff1c946c380bd31923ccb3b,2014-05-05,5.77,2014,5,5,0,0,0
5ff1c946c380bd31923ccb3c,2014-05-04,5.77,2014,5,4,0,0,0
5ff1c946c380bd31923ccb3d,2014-04-30,5.77,2014,4,30,0,0,0
5ff1c946c380bd31923ccb3e,2014-04-29,5.77,2014,4,29,0,0,0
5ff1c946c380bd31923ccb3f,2014-04-28,5.77,2014,4,28,0,0,0
5ff1c946c380bd31923ccb40,2014-04-25,5.77,2014,4,25,0,0,0
5ff1c946c380bd31923ccb41,2014-04-24,5.77,2014,4,24,0,0,0
5ff1c946c380bd31923ccb42,2014-04-23,5.77,2014,4,23,0,0,0
5ff1c946c380bd31923ccb43,2014-04-22,5.77,2014,4,22,0,0,0
5ff1c946c380bd31923ccb44,2014-04-21,5.77,2014,4,21,0,0,0
5ff1c946c380bd31923ccb45,2014-04-18,5.77,2014,4,18,0,0,0
5ff1c946c380bd31923ccb46,2014-04-17,5.77,2014,4,17,0,0,0
5ff1c946c380bd31923ccb47,2014-04-16,5.77,2014,4,16,0,0,0
5ff1c946c380bd31923ccb48,2014-04-15,5.77,2014,4,15,0,0,0
5ff1c946c380bd31923ccb49,2014-04-14,5.77,2014,4,14,0,0,0
5ff1c946c380bd31923ccb4a,2014-04-11,5.77,2014,4,11,0,0,0
5ff1c946c380bd31923ccb4b,2014-04-10,5.77,2014,4,10,0,0,0
5ff1c946c380bd31923ccb4c,2014-04-09,5.77,2014,4,9,0,0,0
5ff1c946c380bd31923ccb4d,2014-04-08,5.77,2014,4,8,0,0,0
5ff1c946c380bd31923ccb4e,2014-04-04,5.77,2014,4,4,0,0,0
5ff1c946c380bd31923ccb4f,2014-04-03,5.77,2014,4,3,0,0,0
5ff1c946c380bd31923ccb50,2014-04-02,5.77,2014,4,2,0,0,0
5ff1c946c380bd31923ccb51,2014-04-01,5.77,2014,4,1,0,0,0
5ff1c946c380bd31923ccb52,2014-03-31,5.76,2014,3,31,0,0,0
5ff1c946c380bd31923ccb53,2014-03-28,5.76,2014,3,28,0,0,0
5ff1c946c380bd31923ccb54,2014-03-27,5.76,2014,3,27,0,0,0
5ff1c946c380bd31923ccb55,2014-03-26,5.76,2014,3,26,0,0,0
5ff1c946c380bd31923ccb56,2014-03-25,5.76,2014,3,25,0,0,0
5ff1c946c380bd31923ccb57,2014-03-24,5.76,2014,3,24,0,0,0
5ff1c946c380bd31923ccb58,2014-03-21,5.76,2014,3,21,0,0,0
5ff1c946c380bd31923ccb59,2014-03-20,5.76,2014,3,20,0,0,0
5ff1c946c380bd31923ccb5a,2014-03-19,5.76,2014,3,19,0,0,0
5ff1c946c380bd31923ccb5b,2014-03-18,5.76,2014,3,18,0,0,0
5ff1c946c380bd31923ccb5c,2014-03-17,5.76,2014,3,17,0,0,0
5ff1c946c380bd31923ccb5d,2014-03-14,5.76,2014,3,14,0,0,0
5ff1c946c380bd31923ccb5e,2014-03-13,5.76,2014,3,13,0,0,0
5ff1c946c380bd31923ccb5f,2014-03-12,5.76,2014,3,12,0,0,0
5ff1c946c380bd31923ccb60,2014-03-11,5.76,2014,3,11,0,0,0
5ff1c946c380bd31923ccb61,2014-03-10,5.76,2014,3,10,0,0,0
5ff1c946c380bd31923ccb62,2014-03-07,5.76,2014,3,7,0,0,0
5ff1c946c380bd31923ccb63,2014-03-06,5.76,2014,3,6,0,0,0
5ff1c946c380bd31923ccb64,2014-03-05,5.76,2014,3,5,0,0,0
5ff1c946c380bd31923ccb65,2014-03-04,5.76,2014,3,4,0,0,0
5ff1c946c380bd31923ccb66,2014-03-03,5.76,2014,3,3,0,0,0
5ff1c946c380bd31923ccb67,2014-02-28,5.76,2014,2,28,0,0,0
5ff1c946c380bd31923ccb68,2014-02-27,5.76,2014,2,27,0,0,0
5ff1c946c380bd31923ccb69,2014-02-26,5.76,2014,2,26,0,0,0
5ff1c946c380bd31923ccb6a,2014-02-25,5.76,2014,2,25,0,0,0
5ff1c946c380bd31923ccb6b,2014-02-24,5.76,2014,2,24,0,0,0
5ff1c946c380bd31923ccb6c,2014-02-21,5.76,2014,2,21,0,0,0
5ff1c946c380bd31923ccb6d,2014-02-20,5.76,2014,2,20,0,0,0
5ff1c946c380bd31923ccb6e,2014-02-19,5.76,2014,2,19,0,0,0
5ff1c946c380bd31923ccb6f,2014-02-18,5.76,2014,2,18,0,0,0
5ff1c946c380bd31923ccb70,2014-02-17,5.76,2014,2,17,0,0,0
5ff1c946c380bd31923ccb71,2014-02-14,5.76,2014,2,14,0,0,0
5ff1c946c380bd31923ccb72,2014-02-13,5.74,2014,2,13,0,0,0
5ff1c946c380bd31923ccb73,2014-02-12,5.73,2014,2,12,0,0,0
5ff1c946c380bd31923ccb74,2014-02-11,5.73,2014,2,11,0,0,0
5ff1c946c380bd31923ccb75,2014-02-10,5.73,2014,2,10,0,0,0
5ff1c946c380bd31923ccb76,2014-02-08,5.73,2014,2,8,0,0,0
5ff1c946c380bd31923ccb77,2014-02-07,5.73,2014,2,7,0,0,0
5ff1c946c380bd31923ccb78,2014-01-30,5.73,2014,1,30,0,0,0
5ff1c946c380bd31923ccb79,2014-01-29,5.73,2014,1,29,0,0,0
5ff1c946c380bd31923ccb7a,2014-01-28,5.73,2014,1,28,0,0,0
5ff1c946c380bd31923ccb7b,2014-01-27,5.73,2014,1,27,0,0,0
5ff1c946c380bd31923ccb7c,2014-01-26,5.73,2014,1,26,0,0,0
5ff1c946c380bd31923ccb7d,2014-01-24,5.73,2014,1,24,0,0,0
5ff1c946c380bd31923ccb7e,2014-01-23,5.73,2014,1,23,0,0,0
5ff1c946c380bd31923ccb7f,2014-01-22,5.73,2014,1,22,0,0,0
5ff1c946c380bd31923ccb80,2014-01-21,5.73,2014,1,21,0,0,0
5ff1c946c380bd31923ccb81,2014-01-20,5.73,2014,1,20,0,0,0
5ff1c946c380bd31923ccb82,2014-01-17,5.73,2014,1,17,0,0,0
5ff1c946c380bd31923ccb83,2014-01-16,5.73,2014,1,16,0,0,0
5ff1c946c380bd31923ccb84,2014-01-15,5.73,2014,1,15,0,0,0
5ff1c946c380bd31923ccb85,2014-01-14,5.73,2014,1,14,0,0,0
5ff1c946c380bd31923ccb86,2014-01-13,5.73,2014,1,13,0,0,0
5ff1c946c380bd31923ccb87,2014-01-10,5.73,2014,1,10,0,0,0
5ff1c946c380bd31923ccb88,2014-01-09,5.73,2014,1,9,0,0,0
5ff1c946c380bd31923ccb89,2014-01-08,5.73,2014,1,8,0,0,0
5ff1c946c380bd31923ccb8a,2014-01-07,5.73,2014,1,7,0,0,0
5ff1c946c380bd31923ccb8b,2014-01-06,5.73,2014,1,6,0,0,0
5ff1c946c380bd31923ccb8c,2014-01-03,5.73,2014,1,3,0,0,0
5ff1c946c380bd31923ccb8d,2014-01-02,5.73,2014,1,2,0,0,0
5ff1c946c380bd31923ccb8e,2013-12-31,5.73,2013,12,31,0,0,0
5ff1c946c380bd31923ccb8f,2013-12-30,5.73,2013,12,30,0,0,0
5ff1c946c380bd31923ccb90,2013-12-27,5.73,2013,12,27,0,0,0
5ff1c946c380bd31923ccb91,2013-12-26,5.73,2013,12,26,0,0,0
5ff1c946c380bd31923ccb92,2013-12-25,5.73,2013,12,25,0,0,0
5ff1c946c380bd31923ccb93,2013-12-24,5.73,2013,12,24,0,0,0
5ff1c946c380bd31923ccb94,2013-12-23,5.73,2013,12,23,0,0,0
5ff1c946c380bd31923ccb95,2013-12-20,5.73,2013,12,20,0,0,0
5ff1c946c380bd31923ccb96,2013-12-19,5.73,2013,12,19,0,0,0
5ff1c946c380bd31923ccb97,2013-12-18,5.73,2013,12,18,0,0,0
5ff1c946c380bd31923ccb98,2013-12-17,5.73,2013,12,17,0,0,0
5ff1c946c380bd31923ccb99,2013-12-16,5.73,2013,12,16,0,0,0
5ff1c946c380bd31923ccb9a,2013-12-13,5.73,2013,12,13,0,0,0
5ff1c946c380bd31923ccb9b,2013-12-12,5.73,2013,12,12,0,0,0
5ff1c946c380bd31923ccb9c,2013-12-11,5.73,2013,12,11,0,0,0
5ff1c946c380bd31923ccb9d,2013-12-10,5.73,2013,12,10,0,0,0
5ff1c946c380bd31923ccb9e,2013-12-09,5.73,2013,12,9,0,0,0
5ff1c946c380bd31923ccb9f,2013-12-06,5.73,2013,12,6,0,0,0
5ff1c946c380bd31923ccba0,2013-12-05,5.73,2013,12,5,0,0,0
5ff1c946c380bd31923ccba1,2013-12-04,5.73,2013,12,4,0,0,0
5ff1c946c380bd31923ccba2,2013-12-03,5.73,2013,12,3,0,0,0
5ff1c946c380bd31923ccba3,2013-12-02,5.73,2013,12,2,0,0,0
5ff1c946c380bd31923ccba4,2013-11-29,5.73,2013,11,29,0,0,0
5ff1c946c380bd31923ccba5,2013-11-28,5.73,2013,11,28,0,0,0
5ff1c946c380bd31923ccba6,2013-11-27,5.73,2013,11,27,0,0,0
5ff1c946c380bd31923ccba7,2013-11-26,5.73,2013,11,26,0,0,0
5ff1c946c380bd31923ccba8,2013-11-25,5.73,2013,11,25,0,0,0
5ff1c946c380bd31923ccba9,2013-11-22,5.73,2013,11,22,0,0,0
5ff1c946c380bd31923ccbaa,2013-11-21,5.73,2013,11,21,0,0,0
5ff1c946c380bd31923ccbab,2013-11-20,5.73,2013,11,20,0,0,0
5ff1c946c380bd31923ccbac,2013-11-19,5.73,2013,11,19,0,0,0
5ff1c946c380bd31923ccbad,2013-11-18,5.72,2013,11,18,0,0,0
5ff1c946c380bd31923ccbae,2013-11-15,5.72,2013,11,15,0,0,0
5ff1c946c380bd31923ccbaf,2013-11-14,5.72,2013,11,14,0,0,0
5ff1c946c380bd31923ccbb0,2013-11-13,5.72,2013,11,13,0,0,0
5ff1c946c380bd31923ccbb1,2013-11-12,5.72,2013,11,12,0,0,0
5ff1c946c380bd31923ccbb2,2013-11-11,5.72,2013,11,11,0,0,0
5ff1c946c380bd31923ccbb3,2013-11-08,5.72,2013,11,8,0,0,0
5ff1c946c380bd31923ccbb4,2013-11-07,5.72,2013,11,7,0,0,0
5ff1c946c380bd31923ccbb5,2013-11-06,5.72,2013,11,6,0,0,0
5ff1c946c380bd31923ccbb6,2013-11-05,5.72,2013,11,5,0,0,0
5ff1c946c380bd31923ccbb7,2013-11-04,5.72,2013,11,4,0,0,0
5ff1c946c380bd31923ccbb8,2013-11-01,5.72,2013,11,1,0,0,0
5ff1c946c380bd31923ccbb9,2013-10-31,5.72,2013,10,31,0,0,0
5ff1c946c380bd31923ccbba,2013-10-30,5.72,2013,10,30,0,0,0
5ff1c946c380bd31923ccbbb,2013-10-29,5.72,2013,10,29,0,0,0
5ff1c946c380bd31923ccbbc,2013-10-28,5.72,2013,10,28,0,0,0
5ff1c946c380bd31923ccbbd,2013-10-25,5.71,2013,10,25,0,0,0
5ff477e9cc9fe56414db5403,2020-12-21,3.85,2020,12,21,0,0,0
5ff477e9cc9fe56414db5405,2020-11-30,3.85,2020,11,30,0,0,0
5ff477e9cc9fe56414db5407,2020-10-30,3.85,2020,10,30,0,0,0
5ff477e9cc9fe56414db5409,2020-09-30,3.85,2020,9,30,0,0,0
5ff477e9cc9fe56414db540b,2020-08-31,3.85,2020,8,31,0,0,0
5ff477e9cc9fe56414db540d,2020-07-31,3.85,2020,7,31,0,0,0
5ff477e9cc9fe56414db540f,2020-06-30,3.85,2020,6,30,0,0,0
5ff477e9cc9fe56414db5411,2020-05-29,3.85,2020,5,29,0,0,0
5ff477e9cc9fe56414db5413,2020-04-30,3.85,2020,4,30,0,0,0
5ff477e9cc9fe56414db5415,2020-03-31,4.05,2020,3,31,0,0,0
5ff477e9cc9fe56414db5417,2020-02-28,4.05,2020,2,28,0,0,0
5ff477e9cc9fe56414db5419,2020-01-23,4.15,2020,1,23,0,0,0
5ff477e9cc9fe56414db541b,2019-12-31,4.15,2019,12,31,0,0,0
5ff477e9cc9fe56414db541d,2019-11-29,4.15,2019,11,29,0,0,0
5ff477e9cc9fe56414db541f,2019-10-31,4.2,2019,10,31,0,0,0
5ff477e9cc9fe56414db5421,2019-09-30,4.2,2019,9,30,0,0,0
5ff477e9cc9fe56414db5423,2019-08-30,4.25,2019,8,30,0,0,0
6008a7e5e22ea91103e862c7,2021-01-20,3.85,2021,1,20,0,0,0
6008a7e6e22ea91103e862c9,2020-12-31,3.85,2020,12,31,0,0,0
60318665e22ea91103f5985f,2021-02-20,3.85,2021,2,20,0,0,0
60318665e22ea91103f59861,2021-01-29,3.85,2021,1,29,0,0,0