{"model_name": "LSTM_without_sentiment start_2014-01-01 end_2020-12-31 split_2020-06-01 windowlen_20 inputlen_50 class_2 hiddenlen_128 layers_2 lr_0.01 wd_0.01", "start": "2014-01-01", "end": "2020-12-31", "split_date": "2020-06-01", "batch_size": 20, "epochs": 100, "num_labels": 2, "feature_list": ["month", "week", "CPI_\u6700\u65b0\u503c", "CPI_\u6da8\u8dcc\u5e45", "CPI_\u8fd13\u6708\u6da8\u8dcc\u5e45", "Shibor_on", "Shibor_1w", "Shibor_2w", "Shibor_1m", "Shibor_3m", "ShangZheng_open", "ShangZheng_high", "ShangZheng_low", "ShangZheng_close", "ShangZheng_pct_chg", "ShangZheng_vol", "ShangZheng_amount", "ShangZheng_total_mv", "ShangZheng_float_mv", "ShangZheng_total_share", "ShangZheng_float_share", "ShangZheng_free_share", "ShangZheng_turnover_rate", "ShangZheng_turnover_rate_f", "ShangZheng_pe", "ShangZheng_pe_ttm", "ShangZheng_pb", "rank_shift-1_ShangZheng_pct_chg", "M2_M2\u6570\u91cf(\u4ebf\u5143)", "M2_M2\u540c\u6bd4\u589e\u957f", "M2_M2\u73af\u6bd4\u589e\u957f", "GC001_repo_open", "GC001_repo_high", "GC001_repo_low", "GC001_repo_close", "GC001_repo_amount", "GC007_repo_open", "GC007_repo_high", "GC007_repo_low", "GC007_repo_close", "GC007_repo_amount", "GC014_repo_open", "GC014_repo_high", "GC014_repo_low", "GC014_repo_close", "GC014_repo_amount", "GC028_repo_open", "GC028_repo_high", "GC028_repo_low", "GC028_repo_close", "GC028_repo_amount"], "model_params": {"input_dim": 50, "hidden_dim": 128, "num_layers": 2, "output_dim": 2, "lr": 0.01, "weight_decay": 0.01}, "training_stats": {"train_loss": 0.3581104874610901, "train_accu": 0.8057429790496826, "test_accu": 0.49064522981643677, "best_train_accu": 0.9597663879394531, "best_test_accu": 0.5887096524238586}}