{"model_name": "LSTM_without_sentiment start_2014-01-01 end_2019-12-31 split_2019-06-01 windowlen_20 inputlen_19 class_2 hiddenlen_256 layers_2 lr_0.01 wd_0.01", "start": "2014-01-01", "end": "2019-12-31", "split_date": "2019-06-01", "batch_size": 20, "epochs": 50, "num_labels": 2, "feature_list": ["month", "week", "ShangZheng_open", "ShangZheng_high", "ShangZheng_low", "ShangZheng_close", "ShangZheng_pct_chg", "ShangZheng_vol", "ShangZheng_amount", "ShangZheng_total_mv", "ShangZheng_float_mv", "ShangZheng_total_share", "ShangZheng_float_share", "ShangZheng_free_share", "ShangZheng_turnover_rate", "ShangZheng_turnover_rate_f", "ShangZheng_pe", "ShangZheng_pe_ttm", "ShangZheng_pb", "rank_shift-1_ShangZheng_pct_chg"], "model_params": {"input_dim": 19, "hidden_dim": 256, "num_layers": 2, "output_dim": 2, "lr": 0.01, "weight_decay": 0.01}, "training_stats": {"train_loss": 0.704871654510498, "train_accu": 0.5485912561416626, "test_accu": 0.5064000487327576, "best_train_accu": 0.5919938683509827, "best_test_accu": 0.6079999804496765}}