{"model_name": "LSTM_without_sentiment start_2017-01-01 end_2019-12-31 split_2019-06-01 windowlen_20 inputlen_25 class_6 hiddenlen_128 layers_2 lr_0.01 wd_0.01", "start": "2017-01-01", "end": "2019-12-31", "split_date": "2019-06-01", "batch_size": 20, "epochs": 100, "num_labels": 6, "feature_list": ["month", "week", "sentiment_0", "sentiment_1", "sentiment_2", "sentiment_3", "sentiment_4", "sentiment_5", "ShangZheng_open", "ShangZheng_high", "ShangZheng_low", "ShangZheng_close", "ShangZheng_pct_chg", "ShangZheng_vol", "ShangZheng_amount", "ShangZheng_total_mv", "ShangZheng_float_mv", "ShangZheng_total_share", "ShangZheng_float_share", "ShangZheng_free_share", "ShangZheng_turnover_rate", "ShangZheng_turnover_rate_f", "ShangZheng_pe", "ShangZheng_pe_ttm", "ShangZheng_pb", "rank_shift-1_ShangZheng_pct_chg"], "model_params": {"input_dim": 25, "hidden_dim": 128, "num_layers": 2, "output_dim": 6, "lr": 0.01, "weight_decay": 0.01}, "training_stats": {"train_loss": 0.21085765957832336, "train_accu": 0.9139929413795471, "test_accu": 0.16658537089824677, "best_train_accu": 1.0, "best_test_accu": 0.26829269528388977}}