{"model_name": "LSTM_without_sentiment start_2014-01-01 end_2020-12-31 split_2020-06-01 windowlen_20 inputlen_19 class_2 hiddenlen_128 layers_2 lr_0.01 wd_0", "start": "2014-01-01", "end": "2020-12-31", "split_date": "2020-06-01", "batch_size": 20, "epochs": 100, "num_labels": 2, "feature_list": ["month", "week", "ShangZheng_open", "ShangZheng_high", "ShangZheng_low", "ShangZheng_close", "ShangZheng_pct_chg", "ShangZheng_vol", "ShangZheng_amount", "ShangZheng_total_mv", "ShangZheng_float_mv", "ShangZheng_total_share", "ShangZheng_float_share", "ShangZheng_free_share", "ShangZheng_turnover_rate", "ShangZheng_turnover_rate_f", "ShangZheng_pe", "ShangZheng_pe_ttm", "ShangZheng_pb", "rank_shift-1_ShangZheng_pct_chg"], "model_params": {"input_dim": 19, "hidden_dim": 128, "num_layers": 2, "output_dim": 2, "lr": 0.01, "weight_decay": 0}, "training_stats": {"train_loss": 0.5713565945625305, "train_accu": 0.658385157585144, "test_accu": 0.49935486912727356, "best_train_accu": 0.853437066078186, "best_test_accu": 0.6129032373428345}}