{"model_name": "LSTM_with_svm_sentiment start_2017-01-01 end_2019-12-31 split_2019-06-01 windowlen_20 inputlen_20 class_6 hiddenlen_128 layers_2 lr_0.001 wd_0", "start": "2017-01-01", "end": "2019-12-31", "split_date": "2019-06-01", "batch_size": 20, "epochs": 100, "num_labels": 6, "feature_list": ["month", "week", "sentiment_0", "ShangZheng_open", "ShangZheng_high", "ShangZheng_low", "ShangZheng_close", "ShangZheng_pct_chg", "ShangZheng_vol", "ShangZheng_amount", "ShangZheng_total_mv", "ShangZheng_float_mv", "ShangZheng_total_share", "ShangZheng_float_share", "ShangZheng_free_share", "ShangZheng_turnover_rate", "ShangZheng_turnover_rate_f", "ShangZheng_pe", "ShangZheng_pe_ttm", "ShangZheng_pb", "rank_shift-1_ShangZheng_pct_chg"], "model_params": {"input_dim": 20, "hidden_dim": 128, "num_layers": 2, "output_dim": 6, "lr": 0.001, "weight_decay": 0}, "training_stats": {"train_loss": 0.4796046316623688, "train_accu": 0.8121024370193481, "test_accu": 0.1532520353794098, "best_train_accu": 1.0, "best_test_accu": 0.1869918704032898}}